dataset,domain,group,model,n_px,n_img,n_clip,rmse,absrel,d1,logrmse,silog,rmse_euc,rmse_img,absrel_img,d1_img,rmse_lo,absrel_lo,d1_lo,logrmse_lo,silog_lo,rmse_euc_lo,rmse_img_lo,absrel_img_lo,d1_img_lo,rmse_hi,absrel_hi,d1_hi,logrmse_hi,silog_hi,rmse_euc_hi,rmse_img_hi,absrel_img_hi,d1_img_hi
ibims1,Indoor,all,DepthVLM-4B,29050557,100,0,0.6412315819556624,0.09935430334568326,0.9106486323136592,0.13842622944294464,11.127881655659733,0.689943887110876,0.47887940410861435,0.09971809377967145,0.9100653760952133,0.4866796503876979,0.09120230146921642,0.8878546119422882,0.1268285200268603,10.196145912297212,0.525289464774391,0.40206027188903126,0.09195467031154872,0.8872765314180917,0.8071486602170795,0.10887785727929991,0.9295336753798912,0.15083393258515174,12.082458607431407,0.8641795629154821,0.5711958311707644,0.10946321544251264,0.928793718401455
ibims1,Indoor,all,DAv2-metric-L,29050557,100,0,0.5787200049272155,0.12571843880181993,0.8873871161919547,0.15220313744686886,6.655461422059209,0.6224312009032834,0.454624597853364,0.12510602946555796,0.8891574691411498,0.45858571205417714,0.11029806642391067,0.8427650337159697,0.13643319747808016,5.951924831041964,0.49466922900719584,0.38773154517906916,0.10988677265632596,0.8459503676478216,0.6958299818302157,0.1428590111979733,0.926695764931669,0.16819897396881459,7.413239834412362,0.7478199308489446,0.5298543579287793,0.14195095536524271,0.9282220307580641
ibims1,Indoor,all,UniDepthV2-L,29050557,100,86,0.4873786647599762,0.0903782057778052,0.9406970062570573,0.12783905724691816,5.91220614362194,0.5248952297202214,0.36374943437713375,0.08965863977398535,0.9422160934394845,0.3913599374155723,0.07565413042766686,0.906071877756588,0.10658439520867007,5.188700293680309,0.419772881305035,0.3042064098298258,0.07555545852525214,0.9086627164852599,0.582093708962713,0.109020953340561,0.9699009807992199,0.15232774969367704,6.742800971552406,0.6269359825667382,0.4307273023633302,0.10749108285153325,0.9704230652137533
ibims1,Indoor,all,Metric3Dv2-L,29050557,100,536,0.7737559436282112,0.19468031599873348,0.7234775223070594,0.218410202666206,7.322553206682369,0.8296323072845528,0.6169007938552515,0.19286361866088422,0.7292409241752601,0.6330239184372072,0.16505618613037693,0.6486317102461949,0.19168628085259762,6.577041154229904,0.6787522836627409,0.5285087489327577,0.16428502570658748,0.6540517924045588,0.9095888435928944,0.226041035763407,0.7966511742541619,0.24578682672236607,8.139105767844711,0.9791743813942977,0.7165475220566412,0.2232683510829852,0.8008672650392586
ibims1,Indoor,all,DepthPro,29050557,100,629,0.8679184967784532,0.16765174610749503,0.8246433966825489,0.21926801693592773,6.437921103507352,0.9303773892723909,0.5613401525598078,0.1649898563762102,0.8290669435558331,0.554970035867884,0.12698939881486224,0.7692231017515788,0.1572472207855595,5.70177379333685,0.5968393220487386,0.4437050363306476,0.12581112437593434,0.7757098714876869,1.1444490010114956,0.22800215023582948,0.8761582923639166,0.29461959482837546,7.261247076742366,1.2256657395254746,0.6935806549748562,0.2220433330605447,0.87914825629666
ibims1,Indoor,dist:near,DepthVLM-4B,8467142,94,0,0.24489011263944493,0.11745507859137778,0.8761487642465426,0.15234160440767677,12.468897153943429,0.2687223091753851,0.45458595345878605,1.5021954250392577,0.7764058296479619,0.21635940722684452,0.1001455012083631,0.8280273760417766,0.13432334252153202,10.133336822469024,0.23851088993256495,0.30109506232197863,0.17969144126399084,0.7106614531248723,0.27522677634160175,0.13842934937201315,0.9137803704746461,0.1726951527297123,15.19386530429827,0.30154524095464463,0.6415130597120043,3.959931315722319,0.8329952489032211
ibims1,Indoor,dist:near,DAv2-metric-L,8467142,94,0,0.33963433116580655,0.17632077469869825,0.771606050778409,0.19573565313648045,9.982474222940263,0.3692677149032459,0.5419780422677226,1.9670232862156147,0.7713726902777006,0.2791922382781053,0.14063455508885347,0.6623633263173535,0.16282005899327473,7.203345262796672,0.3058272811250096,0.33879776572546577,0.20823405061292558,0.7014635447375436,0.4019674781215509,0.21123665035066194,0.8786558379623519,0.22724475183430357,13.422377278742836,0.4337932876233443,0.7861759509155184,5.226714257538755,0.8460877144389363
ibims1,Indoor,dist:near,UniDepthV2-L,8467142,94,0,0.3087118811540623,0.12540169268699056,0.8840850903409911,0.1657058199754196,9.159569956895096,0.3338058620711579,0.4383310121882814,1.6078049911281398,0.8572977165102905,0.18913899415285443,0.08556988183378726,0.7860644493521365,0.11098697819125132,6.372188251171835,0.20790339696863322,0.265358253211301,0.15099201486326302,0.7956053114958728,0.4142710930437145,0.1740122173159949,0.9666231860757061,0.21698293604414476,12.531310669184418,0.4459475688439273,0.656237102796387,4.28210256348902,0.9109362984280701
ibims1,Indoor,dist:near,Metric3Dv2-L,8467142,94,0,0.44870569711211483,0.2447096612804603,0.5411608781333772,0.25427438880397407,11.142707467453565,0.488909871841418,0.6767337512992326,2.04894894307451,0.5779028331367052,0.39220052611404854,0.20023466776966972,0.4188944073200414,0.2198903092900731,8.43013504542785,0.4276031072557275,0.46729823101183604,0.2919062072260533,0.4913392831264674,0.505868267206649,0.289273076077912,0.6717026950031412,0.2890960994013629,14.38201810310385,0.5493194235315717,0.9313519170701083,5.282306744711123,0.6593277450542234
ibims1,Indoor,dist:near,DepthPro,8467142,94,0,0.834965882976207,0.2593589028531189,0.731874344377359,0.3144910341083298,9.339635257227396,0.8946074110519101,0.5494749490171064,1.5965322695486537,0.7480537472489877,0.28077876847632177,0.1364867744200361,0.6206880121387837,0.16551285254768855,6.430963979344175,0.3082559580830758,0.35961954882155495,0.23577269531529366,0.6778202767236885,1.3714308032287161,0.4437276669946546,0.844575491718881,0.469160348184744,12.829680404678093,1.4649552130446388,0.767763282467746,4.098863023142743,0.8183717135558354
ibims1,Indoor,dist:mid,DepthVLM-4B,14177429,93,0,0.3353421530503892,0.08313639458634917,0.9505487207871046,0.11254532847070431,9.589848056385504,0.36388281008096257,0.34752559722061355,0.09387015339068143,0.9231482656173313,0.3071202812156723,0.07621103353984915,0.9356788535398157,0.10401953154192531,8.859372788537382,0.3328508710970692,0.31413762837835707,0.08445456554351967,0.8951810371621778,0.36769753571299174,0.09239712582402719,0.9627525005260512,0.1225132396022824,10.464364996532396,0.40004784884415406,0.3830057319349975,0.10467942068093032,0.9476453116087082
ibims1,Indoor,dist:mid,DAv2-metric-L,14177429,93,0,0.3996728869098456,0.1081400640873284,0.94496350501914,0.12748266626225246,6.026059585736067,0.4315721837857684,0.37331597979925707,0.11241274876079796,0.9155359720443127,0.354863778681514,0.0925640963176432,0.9165644964588695,0.11409560678404528,5.227787585683095,0.38265627763291493,0.33218254379207207,0.09915860495489703,0.8745909301655473,0.4433807909607024,0.12294856725545934,0.9672951932077903,0.13953676493395126,6.919364865213953,0.4793212430504464,0.4168267096049433,0.12670064280182206,0.9493974991074438
ibims1,Indoor,dist:mid,UniDepthV2-L,14177429,93,0,0.28299477320287475,0.07057055137203365,0.9750702331149039,0.09744391396297121,5.13009712398536,0.30432968331280746,0.26715551034388063,0.07827212290782123,0.9675341067172419,0.24399891035856663,0.0592253640322038,0.9552597168482669,0.08403440847347311,4.454457359244965,0.2631646215808607,0.23663112213122506,0.06802824520056905,0.9474861241720312,0.32627999948626557,0.08462114279420094,0.9888976882577376,0.11251027340245474,5.891520308568303,0.35030210934050027,0.30157163588743374,0.08916336261337955,0.9825264544688007
ibims1,Indoor,dist:mid,Metric3Dv2-L,14177429,93,0,0.7063513078202586,0.19483724058460747,0.763375009672064,0.21493944931175837,6.365888809604921,0.757453045292411,0.5756028770569372,0.18768209258173604,0.7615940881908712,0.5796725191433801,0.15980902310371842,0.664874979458293,0.17936373632328828,5.651488295939135,0.6229149973131514,0.4972805383002015,0.15696496364512902,0.6845098045434734,0.836287137867859,0.23685156468503918,0.856209514129768,0.25267480200989695,7.26923586825604,0.8938114530400267,0.6634216930821643,0.22227423645385286,0.8350175839398353
ibims1,Indoor,dist:mid,DepthPro,14177429,93,0,0.44186856619412096,0.12442834024216168,0.8837588959182938,0.1485062603071497,5.382472558560995,0.4761123695616367,0.40073734042074627,0.12647245902149493,0.8724641112742113,0.3890783094046424,0.10830561946898175,0.8182450583067044,0.13196934886301537,4.656459119813396,0.4189000252634664,0.35033631001761173,0.11028735649929057,0.8206928731594763,0.49804535731419225,0.14365264339996267,0.9360089197641832,0.16749051016556402,6.219135434349751,0.536279132207007,0.45073327710212924,0.14310380257676247,0.9217063755778008
ibims1,Indoor,dist:far,DepthVLM-4B,6405986,71,0,1.2395596938555762,0.1113222313286743,0.8679439823939672,0.1678959783379832,10.249603877300338,1.330498867414883,0.9073662756206794,0.12815583591759314,0.831960281401829,0.9148753767272719,0.09916815035821284,0.8214525252855036,0.14535330999181933,8.964353942320463,0.9832343764099808,0.7768125256965137,0.10935804911554002,0.7743755289247155,1.535858326438935,0.12351387110441162,0.9071097819466334,0.18978432163070597,11.647919867121528,1.6430752895056124,1.0541358130719636,0.14962192324657514,0.8828808232197699
ibims1,Indoor,dist:far,DAv2-metric-L,6405986,71,0,1.006392126747743,0.09773820701962731,0.9129959072654857,0.1358208428840186,5.845944420757166,1.0791080668826272,0.7013860664849257,0.10686083103454555,0.9079654522627424,0.7421468489462549,0.07862193074852897,0.8481844624352853,0.11060246452760904,4.856166712771267,0.7876712668160532,0.5944022642427688,0.09125189086103172,0.852847435812243,1.2252773408695354,0.11605598549174737,0.9682042949460191,0.15727337143373257,6.821224850679101,1.3202811221843815,0.8155568015018222,0.12391347441433462,0.9516936610652271
ibims1,Indoor,dist:far,UniDepthV2-L,6405986,71,86,0.8797743489400709,0.0879231229423281,0.9394508511258064,0.12963534257887524,5.970359965776909,0.9471970438594943,0.6374187523760085,0.09107947759097478,0.9055241152359146,0.6860210560103914,0.07318987138844538,0.8819504042540215,0.10692695860463465,4.749614978732913,0.7336153749575646,0.5365849837827379,0.07590017545679256,0.8494301451603172,1.0538159452425218,0.10378692406215058,0.9784548800774547,0.1491501667353091,7.271674328026239,1.1347570015333932,0.7512072788690778,0.10720043102232489,0.9518612782170376
ibims1,Indoor,dist:far,Metric3Dv2-L,6405986,71,536,1.1596164613775095,0.12820651383485615,0.8761561452054375,0.16918845337212793,6.811977891892736,1.2392030422500167,0.8659570308112189,0.1439203887695381,0.8566429262485266,0.8389486862516374,0.09347535370125189,0.7815669587155548,0.12747994019397937,5.616465194662625,0.8975170042888593,0.7011723482775486,0.11714011894605608,0.777527508687188,1.4346160415216784,0.1720878232651081,0.9478789441164953,0.21009994230497045,8.098042640797006,1.529001368511983,1.0483326421672459,0.1773218726922681,0.9181625663387004
ibims1,Indoor,dist:far,DepthPro,6405986,71,629,1.43612970562527,0.14209739407718747,0.816429664379535,0.19620053228995468,5.939407738984647,1.5381520393538213,0.8077912272945236,0.12627190941311764,0.8389879116488259,0.8596656935798832,0.10512183562353934,0.6939239140093016,0.14347972818650456,4.774423534863289,0.9228178115321622,0.6528557837018388,0.10495324844831341,0.7675787379294835,1.9817420869315807,0.18315379466491477,0.9263683139059841,0.24078004587410876,7.177366307724182,2.1264145045526868,0.9908029974487427,0.1490695330042261,0.905248103993714
ibims1,Indoor,region:boundary,DepthVLM-4B,1092501,85,0,1.038810551192447,0.1828524557164307,0.7161769188311956,0.2368751711704923,20.664505079361177,1.1089485170928246,0.8044650156412422,0.1869065515435297,0.7035128692974272,0.8222035921056061,0.1638503267755804,0.6706533236696455,0.21341568610608397,18.84333278602166,0.8768081612379133,0.6832773439020465,0.16971220812079874,0.6640735197996648,1.2302107346707014,0.20348986108419062,0.7612898581818288,0.25943157713138804,22.65417911349583,1.3148172300741257,0.9462082902128006,0.20438671473751027,0.7432062966151545
ibims1,Indoor,region:boundary,DAv2-metric-L,1092501,85,0,0.8901392185188198,0.18460198605778594,0.7658546765632251,0.22784391969618953,15.906070945849773,0.9503607170025461,0.7197486601724757,0.18054978473921066,0.789207722407953,0.7234646408307804,0.15862798184921556,0.6915794826761481,0.20260550156701299,14.230261314366746,0.7736524140780697,0.623944612863179,0.1598145904504475,0.7506289366773102,1.0686579297726515,0.21045151808747722,0.8225035304572816,0.25021592673026294,17.77754182851411,1.1373299592830335,0.8351996883879383,0.19971671172876096,0.8252743364488788
ibims1,Indoor,region:boundary,UniDepthV2-L,1092501,85,35,0.8101276303664292,0.13709450825181774,0.8473154715647857,0.20017066164734207,16.470362901045615,0.8649932688390127,0.6424037422840876,0.13987283722757088,0.8457413260552273,0.6494896734955317,0.12045450246883393,0.8118477282034485,0.17793819760678745,14.712037250732124,0.6908690768753823,0.541357575110895,0.12520598785791784,0.819051567518423,0.9767165376168299,0.15658325205831886,0.8794977268131906,0.22173046249029862,18.431914535758814,1.0386721108815913,0.7567772493148079,0.15589769001511994,0.8705963886630271
ibims1,Indoor,region:boundary,Metric3Dv2-L,1092501,85,59,1.0140879118785635,0.23803657737798087,0.6759298160825482,0.2688789786813481,16.54474258113611,1.0790423241902165,0.9117115822658743,0.25616604428134626,0.6473139851277924,0.8576642247195443,0.21280128342202673,0.6144034602192712,0.24535027187953284,14.8525217777417,0.9142461249345298,0.7904194960221047,0.22395818450265878,0.5862044970715055,1.160067564962495,0.2677234130393391,0.726627215735126,0.2936583077352453,18.494612668770003,1.234365297925902,1.0384396705019572,0.2885467863645254,0.7086389638407676
ibims1,Indoor,region:boundary,DepthPro,1092501,85,38,1.0834467923709319,0.17893958022359915,0.7478217411242645,0.22835115832922012,15.09997388712282,1.1557163588312058,0.7381422698893967,0.17594020703298707,0.7724917419344084,0.7168424227822395,0.15276894375163294,0.6748766677003809,0.20207300898095445,13.365432370862624,0.764512045242684,0.6110489765609199,0.1566445377324949,0.7288531864892982,1.5199192559533508,0.204104773779644,0.8161616769301335,0.25338896720164894,17.02777091418483,1.6193974187537177,0.8997546531517016,0.19518971795901957,0.8173430349531279
ibims1,Indoor,region:interior,DepthVLM-4B,23533588,85,0,0.5969106806044951,0.09744409706664524,0.918134327838152,0.133021070694156,10.485734773479559,0.6410887523724449,0.4532714305400509,0.09783574202599928,0.917417573655378,0.4463811483740752,0.08875636754438762,0.8917244565722593,0.12115783053344202,9.601845740879071,0.4813091681405157,0.37473661219971,0.08915842669232539,0.8902953268717775,0.7677554738692496,0.10847365026008937,0.9393534137445241,0.1465734269674905,11.479259616908811,0.8205344769184357,0.5480808722276035,0.10885700862249408,0.9384221540959211
ibims1,Indoor,region:interior,DAv2-metric-L,23533588,85,0,0.5061439652087156,0.11702514804070277,0.9064869751267848,0.1411141161124189,5.926940357888686,0.5449414446508619,0.40671355959115973,0.11695845602363465,0.9063015475788608,0.39628418894847683,0.10020439602654108,0.8605706066393135,0.123451128444907,5.214863000317088,0.4277525988843481,0.3432573304362738,0.09968328713275494,0.8601626680840938,0.6237743513095934,0.1338438765842321,0.9438820812619766,0.15867507348493787,6.692603173201157,0.6707759448920445,0.47698605009771744,0.13391642938098822,0.9439709919602067
ibims1,Indoor,region:interior,UniDepthV2-L,23533588,85,36,0.435972503582474,0.0798770991462653,0.963448242571426,0.10770854972762493,5.040441579443677,0.4686704618486639,0.3278465572644916,0.07979860718638128,0.9638005832958081,0.34152488357978655,0.06952448341889617,0.9387084345274802,0.09530580188037382,4.335026365989184,0.36834781550999857,0.27013390092945866,0.06970840284198887,0.9388015390257934,0.5386851357659614,0.09149345582247927,0.9827985212027736,0.12060354456922874,5.866980844303249,0.5786164387367692,0.3926543401510045,0.09121361002244875,0.9827893590459736
ibims1,Indoor,region:interior,Metric3Dv2-L,23533588,85,223,0.7254006469974295,0.19488275186193452,0.7271363805638137,0.21885483739003828,6.772745800530557,0.7798714878389258,0.5844294564397747,0.19241590530753871,0.7349859793501631,0.5991685989380039,0.16264609371040528,0.6415324143100426,0.18846744474597854,6.007656060561082,0.6437029648420177,0.4994933143228041,0.1616006720722133,0.652275965113551,0.8646485073386009,0.2305774066102017,0.8076983112190063,0.2503218800321628,7.633213543965252,0.9313638461712157,0.6845241713893206,0.22762269527857432,0.8118177265204045
ibims1,Indoor,region:interior,DepthPro,23533588,85,589,0.7318740077299786,0.13499955679121395,0.8385878090497717,0.1630045570967144,5.813337794020084,0.7850481653247093,0.5008859662991298,0.13420691962763176,0.8418292261762508,0.4879787327540196,0.11636342872536931,0.785169584261008,0.14493844301954364,5.061482698239073,0.5246046116311394,0.3988820390335238,0.1154662355567259,0.7894955407522916,1.0351246289156029,0.15210267809838995,0.8955742130224708,0.17896560052992982,6.603055461279772,1.1076227381071948,0.6409624943452358,0.1512090614944834,0.8973287733603853
nyuv2,Indoor,all,DepthVLM-4B,156663738,654,0,0.4525159795706539,0.09947639502077213,0.9206615190044808,0.15750679168715256,13.146275825286057,0.486590853728641,0.3770574318221906,0.09947639502077209,0.9206615190044809,0.425372763768924,0.09518449925091874,0.9140349084802253,0.14958980445273642,12.591155262044078,0.45791726480627,0.3584600250119728,0.09518449925091872,0.9140349084802252,0.4821850793862015,0.10438679433527162,0.9265583488120269,0.1666779556789452,13.750868077972827,0.518222177712512,0.39745836655514416,0.10438679433527163,0.9265583488120268
nyuv2,Indoor,all,DAv2-metric-L,156663738,654,575331,0.9026884649548873,0.1795522445522879,0.8552735221982256,0.23956262730534356,14.874285518178791,0.971843518535092,0.6275008407057309,0.17955224455228785,0.8552735221982258,0.8014637602260363,0.1655547017032409,0.84013546277697,0.22303117333675224,13.98271169857105,0.8659568580669166,0.5824189636953107,0.1655547017032409,0.84013546277697,1.00746071152149,0.19616546796539805,0.8693879438137753,0.25727292869789475,15.842476974101885,1.0823782088504736,0.6825201260798653,0.19616546796539805,0.8693879438137753
nyuv2,Indoor,all,UniDepthV2-L,156663738,654,778821,0.9700881468441961,0.18565360748214682,0.8678009265934916,0.23747682270082363,13.915141870375884,1.04080738257845,0.6122403841370321,0.18565360748214682,0.8678009265934916,0.8292853556720207,0.16883923960939137,0.8524630581711258,0.22007258048893527,13.081430157731186,0.8923709316558923,0.5582077423651762,0.16883923960939135,0.8524630581711257,1.1204270937408058,0.2058473466850542,0.8808223441598209,0.2559380192231393,14.900035734374747,1.1985073356352534,0.6780052548069392,0.20584734668505417,0.8808223441598209
nyuv2,Indoor,all,Metric3Dv2-L,156663738,654,409668,0.8769199024614491,0.1225070789727987,0.9366923122950124,0.2404241621086755,18.4177304970953,0.9442149131578269,0.5384783939979338,0.1225070789727987,0.9366923122950122,0.7565983220344938,0.11088537949554607,0.9290666837337942,0.2255361761784594,17.497567982380065,0.818645318646389,0.4880940371684681,0.11088537949554608,0.9290666837337946,1.0028113028773893,0.1373888461694629,0.943679108914151,0.25642821009105576,19.412184566639972,1.0805788338388056,0.5943337281563325,0.1373888461694629,0.9436791089141509
nyuv2,Indoor,all,DepthPro,156663738,654,567158,0.9434018379776947,0.1796449362181255,0.8560077699665254,0.23519439368293346,14.029575045676058,1.0112866130926725,0.6127104530230579,0.17964493621812558,0.8560077699665253,0.802410976870193,0.16407868690168687,0.8390272016872212,0.2184775881151588,13.133581279753487,0.8635255834905797,0.5599863402404055,0.1640786869016869,0.8390272016872213,1.0888317332753565,0.19813641656853767,0.8712152235573494,0.2526070201083354,14.978781514964387,1.1674682642006868,0.671085885444549,0.19813641656853773,0.8712152235573494
nyuv2,Indoor,dist:near,DepthVLM-4B,52120112,641,0,0.36692919292301557,0.13542120802292928,0.8956061913297501,0.19784575606400867,15.411571251241735,0.40175158117332854,0.3492777504549049,0.17064257738489316,0.857520594926227,0.3333025957302487,0.12601076352153648,0.8840337997503405,0.1839622450925932,14.604531386201137,0.36433872978636034,0.3234884604317431,0.1565606288327436,0.8414968743327229,0.40788157217819854,0.1468784595843686,0.9059778605759863,0.2134644442342624,16.29917467330359,0.44675717049412117,0.38072029711896765,0.18827029257484812,0.870989264747407
nyuv2,Indoor,dist:near,DAv2-metric-L,52120112,641,173483,1.0427114517290903,0.2797354445787487,0.7901139583122921,0.3249829723641296,18.506796544314142,1.138487371205728,0.7234423234358845,0.3516019739014298,0.7870165457423974,0.8763806748371612,0.24699603532565206,0.7615685397252231,0.29654071996726566,17.090240983007956,0.9633487765068369,0.643490447416792,0.3011470956629466,0.7641164962977818,1.217939135251153,0.3203145429955903,0.8139660231310987,0.3565921544963637,20.201882796201037,1.3249916844606122,0.8268012252639414,0.4175093170912621,0.806396815935091
nyuv2,Indoor,dist:near,UniDepthV2-L,52120112,641,269666,1.172575166763965,0.2979416202472989,0.7916900485555365,0.327173105466235,17.447171364193295,1.2753180785663105,0.7736768782818694,0.3948410860404443,0.7532237495963322,0.9430824798765601,0.25750131233138907,0.7634017819224708,0.29636101412718724,16.006241328138927,1.0307021412103874,0.6841738538456152,0.3343454873935219,0.7276475408742823,1.4075574508262572,0.34800405019069974,0.8160375715607746,0.360962374320017,19.00761197262897,1.5264231030818771,0.8872017756683711,0.47085863531426025,0.7756455391367928
nyuv2,Indoor,dist:near,Metric3Dv2-L,52120112,641,131482,1.0583060753759828,0.20011273012942823,0.9179890480665122,0.33359830507242516,26.679217281571592,1.1475187223553518,0.6587394973425572,0.2884414009237123,0.8790584789141621,0.8638718433489758,0.1692186071031528,0.9058847783466393,0.305332192694976,24.92088329546854,0.9508470655980711,0.5793943842560497,0.23914259325048787,0.8629477572587378,1.2627687435853177,0.2368722162515575,0.9285131470151128,0.3647877500660921,28.71468819779815,1.3644014063699714,0.760697131284454,0.3521432323956412,0.8933155930739959
nyuv2,Indoor,dist:near,DepthPro,52120112,641,172597,1.1028319745872202,0.27956060422301665,0.7874687030603464,0.3184942785646908,17.47456764534716,1.2009043288498074,0.7275263259106476,0.3648082098400857,0.7683066563888673,0.892150623066028,0.24226579762818942,0.7574258237410479,0.2886934593121306,16.066896559153722,0.9766260613507162,0.6398243563679683,0.30476795080170704,0.7444392559545019,1.326649401624624,0.3242204252546666,0.8138235483215376,0.34985615638336615,19.15394212141667,1.4434830308584492,0.8324996409862381,0.43827599922475996,0.78978563231851
nyuv2,Indoor,dist:mid,DepthVLM-4B,83821418,647,0,0.31120681168602277,0.0741045184118961,0.9545489554948832,0.11196032129072131,9.594869131906057,0.3340412312925173,0.30361531627762556,0.08148115664467667,0.9390484133119485,0.2966018578741975,0.07148945986918034,0.9495528433331089,0.10606082485020628,9.229750164310243,0.31815553354622994,0.29053080073138626,0.07767892407680657,0.9307462094572464,0.3261928041238492,0.07669525570552148,0.959685915930433,0.11844545404929328,9.963774914807296,0.3503537589587248,0.31654702202869367,0.08564038819856969,0.9467304946585647
nyuv2,Indoor,dist:mid,DAv2-metric-L,83821418,647,84190,0.6655246548704112,0.12457097032467458,0.9036834237282886,0.1762349434250626,10.49801549750708,0.7131030711938765,0.5186538791673067,0.13655460157322233,0.8777562096488977,0.5760390552252387,0.11599448328346595,0.8899917491372766,0.16182115276747103,9.76911219185112,0.6182556087926717,0.48192044721749216,0.1270888504961934,0.8612282333033839,0.7723981020693771,0.1353557996144174,0.9162015537755843,0.19427989274622728,11.210356980833321,0.8249659510265446,0.5596903422572811,0.14715619229278123,0.892360258968856
nyuv2,Indoor,dist:mid,UniDepthV2-L,83821418,647,138033,0.6788558029670253,0.12700226043798243,0.9166986175299492,0.17177359003394993,9.042270482200443,0.7225993110236607,0.5036055042391263,0.13941049718131066,0.8911941381505707,0.5576367884509256,0.11811130165285615,0.9024085291902556,0.15780912616981246,8.385868210869992,0.5951664647636755,0.46236422236769276,0.12910849150181153,0.8744524976722221,0.8305033829635277,0.1386178550111053,0.9292500491404222,0.1907227635345938,9.748111097887568,0.880477341189073,0.5514878312735745,0.15179353173035612,0.9069206161612937
nyuv2,Indoor,dist:mid,Metric3Dv2-L,83821418,647,41319,0.6691056148094471,0.07787665354016231,0.9573744863156574,0.17196163248952157,12.135275300892918,0.720347771325183,0.416473773687863,0.0890225633590855,0.9373423523080514,0.49865883226646435,0.07157318596966285,0.9484760732645798,0.15855383495274317,11.367960210811264,0.5332611452117817,0.3741851360355094,0.08128499808372758,0.9259749341071313,0.8541229216737016,0.08649032857211562,0.964862255470797,0.18871135062763691,12.924110145111003,0.9271210570221503,0.45946121242200494,0.09775430077925985,0.9484717065599277
nyuv2,Indoor,dist:mid,DepthPro,83821418,647,96128,0.6618023779793039,0.1274784787990241,0.8990147243750994,0.17469744439500123,9.257892018818081,0.706555446936523,0.4961967678353617,0.13727106987941345,0.8772969293248291,0.5605004177703599,0.11859549563055671,0.8822271909041094,0.1612579364953394,8.61268135404875,0.6014257346228221,0.46035639415340657,0.12778968300472132,0.8601934187663368,0.7870550224825973,0.13846001852141898,0.9139631936338666,0.19203402516215723,9.917473929624421,0.8336495776336779,0.5363352048351203,0.14746693938309852,0.8935436967147693
nyuv2,Indoor,dist:far,DepthVLM-4B,20722208,425,0,0.9042735615384743,0.1116980139574542,0.8466053906996783,0.19595877076325147,11.288809652641238,0.9657706985548675,0.8640924489944849,0.14332137858937774,0.7633581623541787,0.8416105139708859,0.10543953204630972,0.8258276334064034,0.1806077203389602,10.661639338307149,0.900632666351079,0.8076921145442504,0.13338305303769693,0.7331803643813317,0.9778922587893584,0.11895750845850278,0.8637995648835284,0.21397860773456664,11.946958149845672,1.0427454425127687,0.9286998451198893,0.15467252132254414,0.7895129658855602
nyuv2,Indoor,dist:far,DAv2-metric-L,20722208,425,317658,1.2783351881770235,0.1499728063935489,0.8233433908201289,0.2064218264132387,10.511580820287069,1.3503452470270483,1.0217572098697707,0.17078172852223933,0.7643246867077553,1.148403007476368,0.1381244537128706,0.7938485463406814,0.19025628017139046,9.798265700686311,1.2164701266018045,0.9513766116735927,0.15809746482789777,0.7323101661645551,1.4089757216817225,0.16334199843816355,0.8499959434269132,0.22533018901951132,11.235472516283975,1.4860737750339355,1.0982996469682693,0.18437173035255952,0.7955640395283509
nyuv2,Indoor,dist:far,UniDepthV2-L,20722208,425,371122,1.338785289170943,0.14047383570970512,0.861442226619866,0.19435861142968866,9.140561698996677,1.4095807303009855,0.9249615277387946,0.15135119636819888,0.8143027841436523,1.1423389451090662,0.12640321927418496,0.8320460780509076,0.17526031935265166,8.485126780974703,1.20715714518571,0.8419341612891528,0.13889339550732735,0.7858852156216258,1.5432941943200402,0.15581847669679427,0.8850727879416322,0.21527936541781403,9.83466761302604,1.622169234088397,1.0208792617384832,0.1656121270887292,0.8398390802053118
nyuv2,Indoor,dist:far,Metric3Dv2-L,20722208,425,236867,1.0889009157623415,0.10784504056023372,0.9000749340996866,0.19360834850554023,11.569048380135014,1.1529424194289404,0.9057417415418759,0.14116190317683497,0.8086898341935366,0.9706070340560042,0.09899754368464303,0.8846990777124769,0.17896283049725017,10.537067516303539,1.0304450764983177,0.8309988078800141,0.12967567072398922,0.7783021485718113,1.2168250815673205,0.11760694167854549,0.9135851674043239,0.21032810075880237,12.769034680264346,1.2856772729487365,0.9884577826952531,0.15446200012659422,0.8359647516746557
nyuv2,Indoor,dist:far,DepthPro,20722208,425,298433,1.3776492836601404,0.13935246119902328,0.8544326454014939,0.1990364316297897,9.850070295818684,1.443999594426639,0.9812785476021446,0.16185131933240285,0.7900228188294044,1.1277560389635195,0.12665089373781013,0.828647921526297,0.1816711503313416,9.098797181310662,1.189962938172385,0.8914979060302343,0.14809552511610571,0.7590504429761853,1.6838669085183267,0.15419276557322573,0.8770706199748464,0.22040288123738896,10.569770617027945,1.7464107871091321,1.0831720720189775,0.17689011156747025,0.8184771032706121
nyuv2,Indoor,region:boundary,DepthVLM-4B,10249242,654,0,0.7877224159142276,0.20904190740519651,0.7308013607250176,0.282494861003866,23.16659649455944,0.8396731279971226,0.633638515504705,0.1933094683214993,0.7576178313102909,0.7526361974907302,0.19999437018227628,0.7197209902235229,0.27122249737966636,22.35088914413417,0.8024557486759475,0.6067775997232027,0.18535133431092884,0.7474566236005411,0.8238019075655977,0.2186053004907547,0.7418873302220729,0.2939438501250169,23.97694661369202,0.8780077747202697,0.6612358845910766,0.2013208958155774,0.7681945366627121
nyuv2,Indoor,region:boundary,DAv2-metric-L,10249242,654,73079,1.3572143893526554,0.3287580670350913,0.6871901356217367,0.3761376468709271,26.419258605563996,1.4465333300642198,0.9267752307171208,0.29136201279111634,0.7070468601476338,1.2319707029803966,0.3024237750451345,0.6729103326900397,0.3578724625399369,25.364096181926264,1.3155475502831637,0.8714803819849714,0.2735275330411313,0.6938405564569504,1.487228752873261,0.35633258742238233,0.7008589173778903,0.3948793334325843,27.547808836730383,1.5803049109250273,0.9877337367798352,0.31050831395100903,0.7190831577795167
nyuv2,Indoor,region:boundary,UniDepthV2-L,10249242,654,91471,1.4574234354661677,0.34574649645033323,0.680372265578274,0.38061686634276154,26.528808001903638,1.5483724342160046,0.9471161316151244,0.30485159642353915,0.6997160341509803,1.2926702678072748,0.31901880610144434,0.667018526992919,0.36249846379087536,25.516727275808712,1.377219674967702,0.8893355027596039,0.2873656074575352,0.6874780527799649,1.629727291034165,0.3768998297602781,0.6925681042378996,0.3993341966576087,27.604042834164062,1.7244021611035711,1.015039439097496,0.3250707700648015,0.7107610644936285
nyuv2,Indoor,region:boundary,Metric3Dv2-L,10249242,654,49529,1.2267717409814451,0.273140809451986,0.7574018644500735,0.3722307518979886,28.18906767517875,1.3106670689084972,0.826688649507979,0.24006506778333025,0.7749452648072399,1.1135134603022734,0.25169560722546414,0.7466893507720231,0.35466949663314057,27.01084413253563,1.1914008777455385,0.7769209947560844,0.22427520380318589,0.7651418289738317,1.3492926899909172,0.29741375549524873,0.7678398547047143,0.3904731050898998,29.378135437675446,1.438523080068277,0.880302103469261,0.2561385802965156,0.7849116672268703
nyuv2,Indoor,region:boundary,DepthPro,10249242,654,69897,1.4043397082452458,0.3208733849653783,0.6976713985287888,0.36473538875917755,25.310133933071455,1.4900217644994826,0.892631081327306,0.282913278648638,0.7158404552837707,1.2089681930286837,0.2920072563645087,0.6830733804513314,0.34555301765504026,24.294755237619174,1.2946649813904951,0.837129367919208,0.2649631541102778,0.7028984024846188,1.632853830686449,0.35565946668950177,0.7118637980048286,0.3839049154868458,26.422963555170963,1.7191618111399496,0.9572716989980236,0.3033922678245405,0.7283394007357005
nyuv2,Indoor,region:interior,DepthVLM-4B,146414496,654,0,0.41912833019765633,0.09180663836418816,0.9339520248049756,0.14477105083608244,11.997185951971515,0.4516528653866798,0.3497862114572058,0.09264715920767688,0.9326399392554933,0.3928294551115195,0.087965552019975,0.9277765699872149,0.1374299387177688,11.486559313046413,0.42396293598269613,0.3319281085533111,0.08876833132503957,0.9262615067061959,0.4486391577491192,0.09627149237603276,0.9394298619567415,0.15377112578460342,12.585255178360944,0.48284056537234415,0.3696397894768309,0.09722446339733043,0.9383365190685201
nyuv2,Indoor,region:interior,DAv2-metric-L,146414496,654,502252,0.8619408094469709,0.16910760632408303,0.8670396201753138,0.2269446489336389,13.36451971222336,0.9295802939887647,0.5951462591577962,0.17135643655591434,0.8659103215584484,0.7626083936386552,0.1559911354726382,0.8516372435499517,0.20998186593631393,12.480844113783757,0.8246614003236211,0.5505646044306028,0.15735352749656742,0.8503491956679159,0.9666522868748003,0.185216519932242,0.881172636730302,0.24488679560237875,14.323264342202984,1.0421768705597503,0.6507071349952979,0.1890230870670066,0.8798910680779095
nyuv2,Indoor,region:interior,UniDepthV2-L,146414496,654,687350,0.9264223282388018,0.1744468581491908,0.8809212238110631,0.22405786355024476,12.194227912435393,0.9956332479918802,0.5747994046084168,0.17713096853185387,0.8796098205863687,0.7847467264790052,0.15840645880343965,0.8654047834378918,0.20606402939516763,11.364994648008347,0.8454503793457515,0.5212864552967114,0.16006999798160154,0.8638590573126813,1.0759485022436746,0.19365564749411848,0.8940587468537269,0.24336249488327422,13.176591116718502,1.153164423221568,0.6411112655561255,0.19743169373223454,0.8928417020845222
nyuv2,Indoor,region:interior,Metric3Dv2-L,146414496,654,360139,0.8470352624842868,0.11196248466200583,0.9492429219576728,0.2283659688936184,17.21726159377186,0.9130712316788197,0.502451927119298,0.11402314728123653,0.9484045692326925,0.7226778843689035,0.10097378615973493,0.9418042703103489,0.2135734692998279,16.26888442791955,0.7806170796777137,0.4514718188182865,0.10247546976345986,0.9409549987126314,0.9816661583589558,0.12625348922454066,0.9561153624702221,0.24485067224631338,18.207771606834342,1.0575514887362638,0.5604805817577904,0.12929406683995376,0.9553893722193919
nyuv2,Indoor,region:interior,DepthPro,146414496,654,497261,0.9023601864405462,0.16975872634479444,0.8670915617535575,0.22332979410641846,12.52683822130809,0.9689562724137869,0.5820517344708599,0.17213592879482745,0.8662280638426088,0.7630225420571876,0.15436897507562006,0.8501079341973719,0.2070107903008824,11.618073723825262,0.8216830296302478,0.5294854494359947,0.15626158040324725,0.8491823962129917,1.04442577243437,0.18751440708855058,0.8822211690901751,0.24086449236270277,13.48836114489412,1.114659842560663,0.6403154311355432,0.19105835648607825,0.881286166914669
mean,Indoor,all,DepthVLM-4B,185714295,754,0,0.5468737807631582,0.0994153491832277,0.91565507565907,0.14796651056504861,12.137078740472894,0.5882673704197585,0.42796841796540247,0.09959724440022177,0.9153634475498471,0.4701579674480458,0.09486493237705819,0.9034930238920676,0.14098050363351075,11.604697301735925,0.505445736880898,0.38851033346688946,0.09505665789877608,0.9031642044203647,0.6288972580387399,0.10471943421422492,0.9257089467894687,0.15563741528821534,12.70855514026263,0.6751240636606842,0.4775288315580992,0.10491907135287867,0.9254041240126887
mean,Indoor,all,DAv2-metric-L,185714295,754,575331,0.7407042349410514,0.15263534167705392,0.8713303191950901,0.1958828823761062,10.764873470119,0.7971373597191878,0.5410627192795474,0.15232913700892292,0.8722154956696878,0.6623027007518953,0.14158594112220851,0.8465022417221847,0.1841069310568194,10.22406453609759,0.7141793403378437,0.5001625653472268,0.14134406813361314,0.8486067170619048,0.8217984622713453,0.1646658733129045,0.8924134421491795,0.2076818518657006,11.40747325318919,0.8844946670844214,0.5871190047437069,0.16424840280763178,0.8930343087781514
mean,Indoor,all,UniDepthV2-L,185714295,754,778907,0.7287334058020861,0.138015906629976,0.9042489664252744,0.1826579399738709,9.913674006998912,0.7828513061493357,0.4879949092570829,0.1376561236280661,0.9050085100164881,0.6428371532563707,0.12684177935230073,0.8852009674096276,0.16947840601145192,9.351376172686518,0.6909793694645795,0.44872359580407617,0.1267592749912642,0.8866952478546077,0.8175538359058663,0.15056918654428111,0.9200872596096915,0.1971036361563075,10.524263006407653,0.8762834226619413,0.5337563000031238,0.1499445419238308,0.9205563496173408
mean,Indoor,all,Metric3Dv2-L,185714295,754,410204,0.8253379230448301,0.15859369748576607,0.8300849173010358,0.22941718238744074,12.870141851888834,0.8869236102211899,0.5776895939265927,0.15768534881684146,0.8329666182351361,0.7365289057248708,0.14260928529140407,0.792870315822372,0.21431885393682865,12.286105994968553,0.7928092551481811,0.5254599267898041,0.1420050079049234,0.7957379666146671,0.9224635486792975,0.1756568076000789,0.8664074803872049,0.24528714754803238,13.499563478065433,0.9925501921718322,0.6328951363508375,0.17412664281198004,0.8681571654719789
mean,Indoor,all,DepthPro,185714295,754,567787,0.905660167378074,0.17364834116281025,0.8403255833245371,0.22723120530943058,10.233748074591706,0.9708320011825318,0.587025302791433,0.17231739629716789,0.8425373567611791,0.734810604175151,0.15111206575058997,0.811766597087155,0.1946373808753848,9.674770270610868,0.789631561425927,0.5231251797264553,0.15055415867906974,0.8153608205309087,1.0651403401210533,0.20368838703424474,0.868916745250256,0.2645372315340375,10.860447529883794,1.1406936246354373,0.6611190647400452,0.2006227022788485,0.8703604162294216
ddad,Outdoor,all,DepthVLM-4B,44048702,1000,8270,7.778998104153634,0.13439225630315116,0.8406895622032177,0.23317135469132616,20.783611054932795,8.533861880657232,7.309649382604184,0.13050233484635174,0.846620218168247,7.594833010839262,0.13013204286422675,0.8340733831932192,0.22607456017745012,20.22033644064163,8.332038049087886,7.133266269935883,0.12657299053343724,0.8403736725453308,7.962234304014772,0.13884975700743427,0.8468685016077182,0.24043453206374515,21.365965452533253,8.73595284866882,7.479590447632634,0.1346829557759724,0.8523730357785703
ddad,Outdoor,all,DAv2-metric-L,44048702,1000,0,18.607580419142984,1.0152506209822019,0.1406261868964947,0.7304907375036847,31.57011811728547,20.45929551912974,17.412085784044393,0.9419496537450427,0.1935202602612451,18.275920958439606,0.996343008159004,0.1311951658837367,0.7221692142225525,30.91013977992715,20.094911390329184,17.07319392504511,0.9180886860481404,0.17800511637742633,18.966899820794584,1.0356473838669853,0.15033093465298608,0.7394399699523917,32.25735860878674,20.847612751114198,17.785547837046924,0.9688358133113731,0.210080071131365
ddad,Outdoor,all,UniDepthV2-L,44048702,1000,65445,9.78775663647816,0.13725665401435239,0.8727363634914826,0.2689901257827419,23.136700350442243,10.700847690690725,9.412164303549526,0.13886779633882876,0.8671376860009322,9.499586794804966,0.1330914003372558,0.8668885455952414,0.26063058343048445,22.52413955381977,10.396004566667711,9.136606839310705,0.13446634858714546,0.8602114445414749,10.074531165057486,0.14179505208311816,0.8780033718585802,0.2774286577947822,23.81919182360077,11.019714695018552,9.677514151663006,0.1434203530284616,0.8734756495895377
ddad,Outdoor,all,Metric3Dv2-L,44048702,1000,29792,8.704500655430525,0.12156438491488805,0.8653338298140999,0.28444480277797757,23.164945736841315,9.543868513221094,8.149269393206415,0.11941249071025793,0.8695186683332579,8.434743085481001,0.11832437213224839,0.8590193092676925,0.27483121987860926,22.5070089504726,9.249566602674305,7.93958161942678,0.11609187503218325,0.8626951372669268,8.98450523183535,0.12509676086074992,0.8715632845071594,0.29404208144257593,23.90151604290595,9.8474107435036,8.369731906850468,0.12319461268095616,0.8760091792414354
ddad,Outdoor,all,DepthPro,44048702,1000,6657,32.89818855840942,0.5033214746674521,0.11929856639135474,0.9453705732086162,27.650932212847692,34.985238046620516,22.718012468150274,0.492006767687449,0.14136052641981267,24.942265135108517,0.4901699208746772,0.10519270886846697,0.9169519128534536,26.97083599680867,27.020462031242502,20.75555572722069,0.4747538046574274,0.12547110192937358,43.81743369431108,0.5202437179522258,0.13318291192478293,0.9761737953163557,28.382443583720267,46.01747754759519,25.085193686195467,0.5169419266038956,0.1569165405834888
ddad,Outdoor,dist:near,DepthVLM-4B,13154058,1000,0,2.246596037076217,0.13304706943733632,0.8872278045299785,0.20982817426015765,13.010250865049318,2.474335648775413,1.4905941149063309,0.11039218545288584,0.9165639681517241,2.088178689128253,0.12493634116781888,0.8781597471429637,0.19993526173890233,12.367326102230992,2.3141557468675598,1.3906954021978777,0.10255038499291425,0.9094584835206241,2.4434488649294543,0.14110906234713597,0.8957523463917245,0.21999411731385657,13.748283921129875,2.6755683651695032,1.6147065650072951,0.11978025894766095,0.9232861888959174
ddad,Outdoor,dist:near,DAv2-metric-L,13154058,1000,0,10.086707729132625,1.4170955441757607,0.060998742745394616,0.8888939889524724,18.755408050179874,11.252231014887148,8.761882938692029,1.2147896151033917,0.16814882971846734,9.920637873103102,1.3888677064396195,0.05360387611228973,0.8777345744076694,18.013377700569414,11.08140165319922,8.536673711280539,1.1847054957229828,0.14940151073081465,10.253439312213011,1.4444364354774195,0.06873537109117718,0.8994976239892217,19.533985544426887,11.439314011013222,8.999596730486992,1.2476796771473504,0.1871915229848478
ddad,Outdoor,dist:near,UniDepthV2-L,13154058,1000,996,3.4328392190552632,0.1334433926823142,0.9297322544875505,0.22176807292522008,12.925018157669777,3.7130633128867006,2.0674183558713937,0.12101584737422394,0.9380864104977077,3.025506354090681,0.12498769437039654,0.9209595412894461,0.2100674899691773,12.166237245620968,3.3210414867624425,1.893363631884498,0.1113348190492949,0.9300902232349522,3.9766029741161693,0.14321637209352095,0.937565562039567,0.23413226404300866,13.774081909552521,4.240347177852614,2.2873410488241075,0.13431325077669454,0.9452308380087925
ddad,Outdoor,dist:near,Metric3Dv2-L,13154058,1000,432,1.9935331471011126,0.09120717114434047,0.9333271147200355,0.1663326070959483,10.262940118799255,2.1450821952241452,1.1432363144970423,0.0819867675796618,0.9479946939053162,1.5617797141971932,0.08647648860704504,0.9236891014194724,0.15825632730537026,9.733338648096302,1.7289087153578446,1.0369308319765862,0.07536443201379214,0.9428836398319081,2.5788676422084387,0.09684855680213056,0.940948167388621,0.17526316756492408,10.854901755286436,2.711767547351826,1.305829582441016,0.09351312048396627,0.9530690993384745
ddad,Outdoor,dist:near,DepthPro,13154058,1000,244,34.47141177229399,0.4639119410305454,0.16859953027423172,0.8227174594914045,23.45210028217986,35.60307951607853,5.816567182842232,0.49029484146901814,0.19942125396754093,6.0063726747896045,0.4369153678116628,0.1457095150854195,0.789948400399184,22.556258217672166,6.79351006051335,3.356677047816404,0.42762346884533914,0.1771243714925374,58.90055410010627,0.5061294480580647,0.19412602455368183,0.8590315688567299,24.594209662834334,60.52288933187329,10.067329141429447,0.6086576469930152,0.2192983401978406
ddad,Outdoor,dist:mid,DepthVLM-4B,20967206,1000,0,4.138021974185791,0.11840721124704867,0.8675170645053996,0.19846483985855978,18.23442592092047,4.580977016094269,4.012914006434938,0.1275474196385884,0.8500033660975185,4.02981586927469,0.11483336924299982,0.8599468015222992,0.19164295675421036,17.599035048018962,4.462778015306117,3.904716940469721,0.12288647911895205,0.8409585458572129,4.252048777124384,0.12226702437950286,0.8741688986815598,0.20537199081321209,18.891167896994745,4.707835567690979,4.134375045295272,0.13290267341774675,0.8586167172528899
ddad,Outdoor,dist:mid,DAv2-metric-L,20967206,1000,0,19.954403793953286,1.0376745688642852,0.09785299958420783,0.7294947577850528,18.191795026991947,21.991157447911235,17.484997990087034,0.9582021352942748,0.15749725811949913,19.568742005111087,1.016691178673019,0.08561851276344673,0.720331852945714,17.521147156415683,21.573599388581364,17.033706194127976,0.9327788244094043,0.13946072431671924,20.351989104193557,1.0608550961887324,0.10954024378683655,0.7398882583432423,18.92453201998643,22.442342022886358,17.972959695835222,0.9852678902349803,0.17631113141777596
ddad,Outdoor,dist:mid,UniDepthV2-L,20967206,1000,9590,5.919128764608062,0.12025547314783541,0.8989907382032685,0.22801540292882438,20.024276734442065,6.511896677566159,5.556417557410385,0.13360803591204223,0.8781706373001685,5.68628484782132,0.11638940380501574,0.8922025097558138,0.21862571086513127,19.24753146805451,6.274890144642931,5.383261352228915,0.12840176372108347,0.8686842030181169,6.176840928495149,0.12465645679702418,0.9051504716408287,0.23834461116013497,20.884657663583667,6.777614408864722,5.7394175194618375,0.1392533409944714,0.886791812130306
ddad,Outdoor,dist:mid,Metric3Dv2-L,20967206,1000,638,4.372495279059451,0.11161745821133237,0.8889616957070962,0.24628096855752826,19.40979305973244,4.836572489950312,4.252156812539224,0.12246294638912013,0.8685946013906503,4.220853003878373,0.10773408328331198,0.8802179135601709,0.2327519920108314,18.50253439406949,4.673308808626158,4.113428725998042,0.1172468577529681,0.8578794420387211,4.538064605339845,0.11573704416158223,0.8968612498902142,0.25989340401158895,20.37827126543253,5.009126354468834,4.405126125705137,0.12822354052649665,0.8791070490412286
ddad,Outdoor,dist:mid,DepthPro,20967206,1000,612,19.019716739152436,0.4855122974064893,0.12227208527449962,0.8947054436800056,19.333371761142335,20.358852587957724,11.17963929533897,0.4684972001526744,0.14734431084333466,14.016986948169354,0.47326083966036325,0.10635699289726194,0.8616846977839763,18.606194281971657,15.143409755683985,10.128074905715874,0.45615502861881485,0.130002057305419,23.96124759667223,0.49813589636500194,0.13797289642867286,0.9282528251948141,20.116032768204676,25.59191362102679,12.468244086582619,0.4813292157250989,0.1650294803777234
ddad,Outdoor,dist:far,DepthVLM-4B,9927438,1000,8270,15.021540887506232,0.16993580409059872,0.7223645214404764,0.31576990528157245,28.012409591486584,16.453057366861447,15.643224014711784,0.2048844361263497,0.6530285897748692,14.660296666943804,0.16642353439492913,0.7134834430239737,0.3061276715194344,27.31869233468512,16.060397398226456,15.21681830580757,0.19771091404440586,0.6381180120346569,15.38337507796187,0.17365769600962505,0.73070453775743,0.3255642378493721,28.7095371395308,16.852721340996595,16.12292720883655,0.21258720540295065,0.6660110728788547
ddad,Outdoor,dist:far,DAv2-metric-L,9927438,1000,0,23.675270591928147,0.4354374901055162,0.3364731162259588,0.44362055848723086,33.78073808705301,25.847755330183325,22.57969359881212,0.4201262791565558,0.3469670040063319,23.283028739647875,0.42409180417672904,0.3231289719499908,0.4362108592986575,33.160379239384106,25.4106417648461,22.142721263214828,0.4098087066102798,0.3336255702241492,24.09347454906596,0.4474707318069643,0.34994541330425266,0.4517486239465319,34.4540856904246,26.30853083303282,23.05195087763004,0.4311989095346512,0.3602237756922437
ddad,Outdoor,dist:far,UniDepthV2-L,9927438,1000,54859,18.31555050926041,0.17821657950765898,0.741765196619712,0.38219579614427024,32.665110507928915,20.006286556866314,18.712555404723023,0.21913855741210014,0.6639983698519452,17.774813986723334,0.17347350796941682,0.7305369660719171,0.3688775070862631,31.72166039873003,19.43464290747793,18.200320245668284,0.2112758046497501,0.6490399362137799,18.890329859167515,0.1831337732493827,0.752696286977141,0.3953814672316206,33.591928445206484,20.600960544581987,19.25071561547666,0.2274673557571511,0.6794394979942976
ddad,Outdoor,dist:far,Metric3Dv2-L,9927438,1000,28722,17.04534106061982,0.1827966791266275,0.7253381990398732,0.44072042291222924,36.14011629240603,18.672152325006437,17.49493308500893,0.2227258137430254,0.6601569184813638,16.480674833482702,0.1776804673529834,0.7134389704918211,0.4243926688512919,35.01256772806002,18.077028498852094,17.000194872196765,0.21407295340721735,0.6444141285737568,17.607189239645585,0.18809317608792508,0.7374727598566032,0.45709300203218584,37.31125267749957,19.261732226377383,18.038598405775904,0.23195549617147718,0.6757919984176577
ddad,Outdoor,dist:far,DepthPro,9927438,1000,5801,49.635384859354524,0.5931537054643583,0.04769357411247494,1.1738707770696046,31.429547297550155,53.626924644699436,40.7648874298803,0.5902606425627205,0.06083194329897617,44.54576331586796,0.5816608213193893,0.039844183522600045,1.139146959165579,30.582256811271378,48.403503973110354,38.54454558817409,0.5791359981568381,0.05133172153932638,55.19854671232463,0.6051285371270105,0.055089176977604876,1.2121609779696203,32.312786733241126,59.48650731232184,43.117987514189025,0.6014123189147823,0.06982853034586341
nuscenes,Outdoor,all,DepthVLM-4B,3489108,1000,209,5.220870553559308,0.1870932819247498,0.8365390237275544,0.25941498754430053,22.48680302515046,5.656255768409465,4.6843609072709596,0.17434303327615408,0.8382648781460282,5.041975749863029,0.17043097023037335,0.8292162224270573,0.25013664908064526,21.816963246361205,5.469800193392529,4.543730133768961,0.16169455821945256,0.8308257616973214,5.3903306963292605,0.20668668057478273,0.843802164221455,0.2694179330931784,23.26609560122773,5.842518975982076,4.820139004740062,0.1896539985533358,0.8452679325585714
nuscenes,Outdoor,all,DAv2-metric-L,3489108,1000,0,9.728005812816793,0.7372237323379038,0.1646985418622754,0.5609495110813701,30.38422462876533,10.626971496458198,8.723828252228417,0.6869919676423436,0.16715689160595854,9.444737617844384,0.6948506700750925,0.15572176026469067,0.5472033837657536,29.540944571865662,10.308568302271624,8.508003216928444,0.6519550714498433,0.15864155650535444,9.997369459878016,0.7808486046211445,0.1748974417705223,0.574073010047011,31.364547279237463,10.937964052412182,8.936524666036998,0.7223469667438406,0.1767702209829519
nuscenes,Outdoor,all,UniDepthV2-L,3489108,1000,9529,8.344466044456642,0.31160886888545564,0.8684070541811832,0.31220124465363747,26.250997428725288,9.079463228524933,7.283882523154169,0.2908584336322903,0.8699357279825701,7.981084404526477,0.26454260386794426,0.8607229601066114,0.30004584574242615,25.35679574946549,8.678900366545413,6.97258508215845,0.25063577895129957,0.8623484721339503,8.703351686713662,0.36966849816974295,0.8767055027150874,0.3250481948614561,27.20593150437208,9.482969582076873,7.591332218924003,0.33963236042365175,0.8776612157575575
nuscenes,Outdoor,all,Metric3Dv2-L,3489108,1000,34694,12.969485753736192,0.32756656085651914,0.84262138059355,0.34615057889333917,27.86520535472977,14.174020707871982,8.828896806783257,0.2995290069731549,0.8453874975671136,11.711807833038627,0.27939794921735156,0.8328586181459675,0.3325858977518589,26.917633431968277,12.843145424496635,8.254588213512845,0.26131962339534953,0.8362041431239321,14.189304112023965,0.3862270448495017,0.8522169702642237,0.36059666324538114,28.946880057555926,15.49617569556133,9.438592238254023,0.3453328767483443,0.854582937293261
nuscenes,Outdoor,all,DepthPro,3489108,1000,2779,28.42254402186709,0.40337418084367754,0.48039355617538926,0.5377547658309445,29.302229585617837,31.054244188897723,11.396236234895728,0.38202345125210146,0.48023905384693766,15.831402598422494,0.35595628484720065,0.45970755640095584,0.5093709668874297,28.434781054346598,17.366579929722256,9.736256406510691,0.34487517904545895,0.4600993020831814,41.46514661685203,0.4600280426345638,0.5000708901621731,0.5700594688442351,30.232800913355337,45.423084400899405,13.73773644144517,0.42678382500683787,0.5000388803712222
nuscenes,Outdoor,dist:near,DepthVLM-4B,1790941,1000,4,1.82272890695385,0.2240868527167179,0.8862011646391478,0.24682963331432162,17.21438628957139,1.9929414641022332,1.438398836967902,0.19997783423698157,0.8982099373634337,1.7318736417438962,0.19292075877522846,0.8774042701317568,0.23556497230110807,16.396665840383683,1.89675532582064,1.3670131459985508,0.17480705502319102,0.8904253339618002,1.9120487763431933,0.26097458009729924,0.8948488533686865,0.259397175537178,18.07676244440542,2.087672977025781,1.51018991755735,0.23146172303907991,0.9058524579845385
nuscenes,Outdoor,dist:near,DAv2-metric-L,1790941,1000,0,5.791507961058945,0.9852886211037801,0.048196450916026826,0.6154854826005992,17.007451281326446,6.499622694750654,4.895952254155781,0.8819714407685446,0.04988124498647584,5.6141317940068935,0.910445812149998,0.040418095510921744,0.5993044078050775,16.15729968543196,6.287442633787561,4.7423419662151876,0.8188517346059206,0.04177054718672486,5.9642854377859695,1.0678356253065189,0.05653536465729132,0.6312113073164293,17.90901374966719,6.704313258931336,5.042815713695868,0.951013719558569,0.05826177766183707
nuscenes,Outdoor,dist:near,UniDepthV2-L,1790941,1000,1426,5.246283118021054,0.44922011702294845,0.9173244679752153,0.2918819246488029,18.277285126187913,5.81300133405524,3.041626204571692,0.3992736494427887,0.926132821357493,4.6678336642939495,0.35479402983917135,0.9072012428518577,0.27574623382449037,17.161808804409254,5.212512336496907,2.763036400634799,0.32136676265613284,0.9174124626724374,5.801636615895864,0.5635000953437856,0.9270851103000118,0.3083433330133265,19.34107332267824,6.420377134224514,3.313270128082999,0.4961706600776989,0.9340158102649614
nuscenes,Outdoor,dist:near,Metric3Dv2-L,1790941,1000,5172,8.389955004331764,0.42206792377928765,0.9175701488770428,0.2746154326099352,16.51836664867817,9.247879090319696,3.275482391612129,0.36191529655410093,0.9273709580570545,6.634299076024169,0.3322299968693312,0.9061604745417848,0.25678676703334696,15.467789927385013,7.389160172081102,2.82926876513532,0.2883351639047096,0.9177108967558614,10.131968577594833,0.5297101484343794,0.927937144440385,0.29387626656237714,17.62412448463336,11.108766607911896,3.7561382871454683,0.45148547115119203,0.9355495848855631
nuscenes,Outdoor,dist:near,DepthPro,1790941,1000,674,24.828562530699084,0.4847753308480239,0.5624478975019278,0.4478939540476913,17.324868811575985,27.92847575284611,3.9571006149060284,0.43454507733532716,0.5818143694338319,7.221323313453441,0.3949941753540942,0.5354584271947672,0.41968095075929585,16.402187557360172,7.863039218490896,2.7412897597269508,0.3613659858875593,0.5557260063372018,40.55594357973574,0.5943078221677492,0.5877434374930329,0.47865058108918934,18.27469835944234,45.974889465324594,5.829710737877167,0.5253469957276697,0.6062298430458575
nuscenes,Outdoor,dist:mid,DepthVLM-4B,1294986,990,0,3.943630385213885,0.13453112183812305,0.8217463354816191,0.22049226123241691,19.845403596437425,4.300961427097256,3.9485964100546025,0.1519960234714121,0.7868044799382535,3.827113596145969,0.13038804484570005,0.8128016385742575,0.2127006417355477,19.30275312369948,4.170989842476519,3.8333670017779053,0.14665459056765479,0.7754709386548041,4.053346146003518,0.13877231497205472,0.8305088198523559,0.2288625740313737,20.47161095214546,4.422186990721254,4.073668643188296,0.15783579248391358,0.7975491659526461
nuscenes,Outdoor,dist:mid,DAv2-metric-L,1294986,990,0,10.77145245513129,0.5283705563682884,0.23598401836004404,0.49460040113532927,23.748038421768666,11.809467232151485,9.485370888580931,0.5245592130312157,0.23558815152903775,10.366363010915164,0.5084695434281904,0.21937168778327024,0.4801340008439444,23.028876248516617,11.342889795459119,9.1839254271038,0.507145806344951,0.2217497643949086,11.159384748381948,0.5482197307290498,0.2531434004393158,0.5092708765013386,24.497858271406205,12.253547603734662,9.788860301503645,0.542921912302722,0.2505265048688002
nuscenes,Outdoor,dist:mid,UniDepthV2-L,1294986,990,2336,8.096516653732671,0.15697274207587403,0.846448533034334,0.2822737773907479,24.827801482464274,8.839663214448441,7.027381119608626,0.1797625498319484,0.8185590723770549,7.534418045399914,0.1507111969883572,0.8363391638560156,0.27007182679236463,23.972620265388215,8.242043165703231,6.646401263241378,0.17225578919636883,0.80695343582184,8.649721092876758,0.16312536899011285,0.8572423129707629,0.2951757313952131,25.753997736287673,9.422993305944267,7.401400818760575,0.18819210178411766,0.8305660897895585
nuscenes,Outdoor,dist:mid,Metric3Dv2-L,1294986,990,11345,13.040971280647515,0.20610379497376252,0.8096473629830747,0.34554153430407414,26.5279935717007,14.377032017171008,8.355017187522433,0.227309803634701,0.7799203953758171,11.44981509231577,0.18801491008913573,0.7959297240430552,0.3275072474471618,25.570264066612058,12.657987855638375,7.718248288894021,0.20870414306386809,0.7660628617181164,14.607596798003266,0.22530281031500077,0.8230503071083592,0.362784750997347,27.55525620619547,16.055757199075195,8.984605531275962,0.24693621008639668,0.7932891165135919
nuscenes,Outdoor,dist:mid,DepthPro,1294986,990,862,27.613422781876732,0.2856043224911766,0.45809916091756975,0.5343852550928725,25.524095321302063,29.318393314869315,9.742398295528998,0.31495877034345515,0.434177596852032,11.701337968702283,0.27432340564445734,0.4348706153896284,0.49837792654429997,24.723213796505974,13.211297499754401,7.557940037472184,0.297892533755832,0.41392000925225525,42.408839193152644,0.2970550808561082,0.48104284066036207,0.5746220100330907,26.390812450763608,44.18259171974374,13.424036582921621,0.33828500378112847,0.4545862118712693
nuscenes,Outdoor,dist:far,DepthVLM-4B,403181,916,205,13.083366771532331,0.19159239809145412,0.6634514027198702,0.3944539701321423,27.446290843118955,14.135412088668115,14.650363554161295,0.2593434049679445,0.5428059320490303,12.600719821417922,0.18531361613003064,0.6500959908349421,0.371250178538449,26.596940971995842,13.634224099886874,14.135736309907657,0.24895173231576317,0.5253287597206513,13.608699172403483,0.19741029818128558,0.6778336851872357,0.4225260718492047,28.211101735629608,14.66955091424455,15.13720116164614,0.2691063637380701,0.5615264541056267
nuscenes,Outdoor,dist:far,DAv2-metric-L,403181,916,0,17.242548747620567,0.30613290260897796,0.45324060409592715,0.5045978325899494,28.628060226151778,18.485467836633067,16.925565253499872,0.3349916240084553,0.4134779227106787,16.6288866813725,0.2929576340162646,0.4313372737058913,0.4741315802276808,27.67337313343939,17.84161613673291,16.393797589387322,0.323671920525819,0.3965036438883232,17.85158553167398,0.3185585234616564,0.4771972901354052,0.5354982149416578,29.578446202720297,19.13088802036341,17.42170924507539,0.3454016839076634,0.43252791042153527
nuscenes,Outdoor,dist:far,UniDepthV2-L,403181,916,5767,16.42444516200077,0.19701517028930363,0.721643629040059,0.4573152909374963,34.49867417297097,17.672681974502918,17.31172565571549,0.26641321841607174,0.6141798312686033,15.724642053976615,0.1893017786020985,0.7050653541380137,0.4267148160713436,33.08982088378926,16.928826884693986,16.653238354207737,0.25528724485759025,0.5970080891535527,17.13136885700036,0.20436597973245502,0.7384623011453595,0.4914170540634188,35.78021655187894,18.418776600898713,17.911178979934114,0.2773142558000414,0.632969975267023
nuscenes,Outdoor,dist:far,Metric3Dv2-L,403181,916,18177,24.428215382790846,0.2979178353808047,0.6156068862371987,0.5642947690975045,39.146667688718,26.359159178614945,20.622811586743744,0.35464795551631617,0.5274765852721507,22.259313281620695,0.27453097806564647,0.5933575747144192,0.533219739046272,37.68381534445436,24.035632849393107,19.551021665165575,0.3337918871149899,0.508995897058595,26.57083252747818,0.32183161303761104,0.6383809858675713,0.5971955219703198,40.41985076117888,28.599036873732626,21.636108481739424,0.3773470465360147,0.5479237261830254
nuscenes,Outdoor,dist:far,DepthPro,403181,916,1243,42.46881373032182,0.42005566446918957,0.18751379653307076,0.8331981655043281,32.40789378970114,46.04268682255084,25.657080393474153,0.4636308097034935,0.17053909524842348,23.67755243848292,0.40571805549796414,0.16786651142270734,0.7884946464811979,31.237408815099773,25.39973710096446,23.45426155576315,0.4508283488552812,0.15355027494030912,60.788461833188045,0.43441073067249686,0.20758663360954457,0.8793203598337852,33.54224149802747,66.559546838828,28.556712216705783,0.47664004443508967,0.1857660813925018
diode_outdoor,Outdoor,all,DepthVLM-4B,274076454,446,3186,7.580775235051333,0.4079847792542747,0.4018622336671066,0.4885580638421255,38.50239143163721,8.180071349932154,7.275132358957213,0.4384346707813547,0.37528798671111274,7.226085246370687,0.38671113270327934,0.37831886050853736,0.4720838981064675,36.771179696376485,7.794654939567615,6.900227427878092,0.4127800229528478,0.35266015671418893,7.912621200263279,0.4298324466324576,0.42730539652266647,0.5056293803458283,40.14905991231292,8.53067513672444,7.634186970231318,0.46521880090722195,0.4001154191499257
diode_outdoor,Outdoor,all,DAv2-metric-L,274076454,446,0,7.684419553570942,0.7182530070463249,0.33438537190064493,0.5833987354843783,38.37757160691455,8.282467094882332,7.47442158408556,0.7403089810529201,0.3385935617153119,7.3952369781398755,0.6692513213092364,0.30711943991669866,0.5604212140978825,36.51815537754692,7.975181140987097,7.156261339599445,0.6862911662574359,0.31251910278859046,7.985370423278243,0.7686183464279626,0.36093290319456905,0.6062597215277994,40.23009365929411,8.601434793514755,7.787182764390962,0.7933708155547566,0.36385281323979407
diode_outdoor,Outdoor,all,UniDepthV2-L,274076454,446,4979405,19.89657550397135,1.0421055737095077,0.47562405342561825,0.6764213843173683,37.04398253203363,21.557595292334433,15.455272925379765,1.2334014154389312,0.44144628004210223,18.13982828759838,0.9238947233708747,0.44021398680610474,0.6387275993029452,35.123088370486286,19.637580642153385,13.999225735723163,1.076184859089769,0.40715577940276343,21.620282267594842,1.1663718734915869,0.5104153647274319,0.7158857395104387,39.07579370036404,23.439744471956708,16.962321729152443,1.3987652445901608,0.47439217379777204
diode_outdoor,Outdoor,all,Metric3Dv2-L,274076454,446,115190,3.8399025870897696,0.1934537634346261,0.8590825828474853,0.29722748022623086,27.28109121120429,4.148617209016811,3.586227461413255,0.2110416343554459,0.8493539280044248,3.6368257528271526,0.17847214929534644,0.8485185596571813,0.2835108561683277,25.890577480978994,3.9305113243282728,3.3624692005133956,0.19333855503591932,0.8379677119503232,4.049494637062201,0.2084492307939028,0.8697666723839477,0.3109687490767196,28.578556269745704,4.373021085759648,3.802260356733843,0.2289709024233623,0.8605989013332919
diode_outdoor,Outdoor,all,DepthPro,274076454,446,208402,88.80580345005501,0.6666848127139622,0.212909748898021,0.6534989715695579,36.868919099728586,96.88981310800895,48.9632948546815,0.7587303812496432,0.20772090848597488,74.75136840326884,0.602840806923692,0.1880812933176764,0.6256170728781902,35.0681768330142,81.80589113933335,41.22557245211854,0.6808405814406436,0.18519932767986463,102.29741610157781,0.7429811521033318,0.2367750953293733,0.6824838401373894,38.71403883402249,111.76755065270049,57.01487970845836,0.8540970450444642,0.22981047791228953
diode_outdoor,Outdoor,dist:near,DepthVLM-4B,126976710,444,337,3.281639030314262,0.5055978387585124,0.5785078224187727,0.48457455857147735,42.19258028298089,3.543296108231159,4.003458647788493,0.8575654164998207,0.42589469342652503,3.0902815257485554,0.4591671560572784,0.5521464225852566,0.45758922507579036,40.2101510983384,3.335845867065835,3.772463820376246,0.7736893617742177,0.400327819466956,3.4932571675299964,0.5562466794034463,0.6071477931759137,0.5128275195508502,44.20280641484539,3.7734063620997578,4.246066801643088,0.9446867807712055,0.45266370438547493
diode_outdoor,Outdoor,dist:near,DAv2-metric-L,126976710,444,0,7.142478886098291,1.2066794159904672,0.17197619941483758,0.7662639331862741,42.85848054991723,7.690600223600805,7.356253910767746,1.5698671218115732,0.22388324878952326,6.8361365298022525,1.1182032968870932,0.1454798722042011,0.7335177484022312,40.78509167247041,7.3566220677919745,6.989016877159076,1.438819585236076,0.19834890316494377,7.475317300282116,1.299964223981586,0.19942059968751055,0.7988235826062281,44.992411590277165,8.048129781821077,7.750177381299303,1.7199847963872137,0.25072119331641884
diode_outdoor,Outdoor,dist:near,UniDepthV2-L,126976710,444,1277658,16.660753187044275,1.4141243009140798,0.5780445642354413,0.7562863636657675,44.18461732762415,18.173883520009657,21.435359099698353,4.202678921499937,0.38684144459675046,14.648987734653414,1.2095551057532392,0.5395675322754178,0.7017285404098299,41.823799335483244,15.984402417362634,18.68609987857755,3.5502614154825802,0.3504961504003726,18.67459029426257,1.6439224199002453,0.6188564421526962,0.813837134172408,46.59136362621665,20.384901007373674,24.244003521113513,4.920342697407942,0.42168636230933265
diode_outdoor,Outdoor,dist:near,Metric3Dv2-L,126976710,444,3407,2.9840179324466183,0.30929850274660414,0.8243469609505554,0.3770390092097524,38.82627459836793,3.224820618231758,4.068815207209169,0.7227026609609731,0.6589888185056515,2.770223021793922,0.2774430066173506,0.8080098262655296,0.3552172416279967,36.699456342694596,2.9921321548850726,3.7298743035785935,0.6394636550221615,0.6322532700329637,3.1997225973191483,0.343772480563039,0.8407081670918944,0.3994801305995965,40.90506697635523,3.4576553627741955,4.394680004600912,0.8200494691442388,0.6870082846303515
diode_outdoor,Outdoor,dist:near,DepthPro,126976710,444,97902,100.34164055553912,0.9037543997501927,0.287622115898262,0.5900115411610174,46.97034174957252,109.7555903032305,88.27144460162961,3.3270678505384366,0.26054890069400893,78.28827828759201,0.7725659663464154,0.2514402912260631,0.5632855161630917,44.46101866024929,85.68040091093097,66.14506717478113,2.3214324308815852,0.23672988515727958,122.31413376110216,1.0596210014908243,0.32395166816244353,0.6187213971478325,49.56892557953864,133.91348658197043,112.13428306876136,4.610696668631911,0.2839416888121248
diode_outdoor,Outdoor,dist:mid,DepthVLM-4B,123745268,446,439,6.837727030198045,0.3096578228082371,0.2714492646296584,0.44963184668193595,25.278248100910485,7.374820906672385,6.45001156557948,0.3021277860367397,0.3271033321347383,6.577548102927566,0.2998774208307793,0.2480291144044009,0.4308520330269823,24.1992561298695,7.09819611089969,6.224148837286886,0.29316303370609226,0.3043680143322698,7.086459543867024,0.31976000882585653,0.2946133512963844,0.4681807731375554,26.332742145573018,7.639467649824404,6.669488147131367,0.31111597687484577,0.34744807886584406
diode_outdoor,Outdoor,dist:mid,DAv2-metric-L,123745268,446,0,6.8246119459710455,0.30413605967830637,0.4901574175749492,0.35246594382693447,21.607102846005535,7.371024971005495,7.552410201370147,0.4117042531370249,0.4142808567530451,6.480507914481633,0.28595713054505184,0.4539402194536817,0.3376979406271222,20.688117578048008,6.99735839351398,7.13759389972871,0.38502956629550794,0.38524850509412806,7.177422263737926,0.32338763419510463,0.5239664602083257,0.36862889253649206,22.530478627777367,7.733838879434123,7.986467456422769,0.44101331183084685,0.4395376690983359
diode_outdoor,Outdoor,dist:mid,UniDepthV2-L,123745268,446,1662737,21.94589672116547,0.7809848981545907,0.37106482326257517,0.6282135802674492,21.273953611214445,23.71008100728897,14.954530711331657,0.6920766202732686,0.436353329146254,20.265104282699614,0.6990604117514692,0.3257034541369879,0.5884109824611348,20.102375104692584,21.927705569650527,13.58000115381439,0.6245620217356819,0.40064746663509715,23.70309639730588,0.8693876792924013,0.41786724553603144,0.6682707968498357,22.46207632372855,25.616413606154925,16.363997792079875,0.7647435887837993,0.4723536459028621
diode_outdoor,Outdoor,dist:mid,Metric3Dv2-L,123745268,446,25664,3.5931697495465698,0.0924370876418801,0.8916780397614881,0.1949188189299555,21.335129098421536,3.877306573353085,4.213841921988142,0.1502979324609108,0.8204244743098464,3.357273162536803,0.08631852459594552,0.8805411672166424,0.18484278979076327,20.058275476397398,3.6246369356095944,3.8095881251834207,0.1329510538734091,0.8023844303543742,3.820365835898205,0.09894309755851594,0.9022557596098089,0.20492197824527614,22.624448976505363,4.119370171372164,4.655519074327142,0.17035147261036374,0.8383608571505559
diode_outdoor,Outdoor,dist:mid,DepthPro,123745268,446,76582,75.68432760553928,0.4571114282374628,0.15445069786426097,0.6731709424095542,23.16327099293655,82.38747365343379,41.48721952535254,0.5375071193783051,0.20921080189926275,63.618852718983156,0.4351283670542664,0.13104869318711432,0.633044285834738,21.948150442670105,68.8334132080976,30.63697560590788,0.447937764041646,0.18518682774561943,86.64201516104183,0.4807523370008365,0.18025922190990856,0.7156710962753503,24.36947591109192,94.23242411222947,53.984739351388214,0.6521284162388886,0.23146875376312248
diode_outdoor,Outdoor,dist:far,DepthVLM-4B,23354476,382,2410,19.186828897221467,0.3982612278348135,0.1324540101006762,0.6732531392874297,29.10651592648811,20.708099087729494,21.566585707953305,0.4753691225987957,0.11603235748457108,18.25324086833816,0.3853155732895715,0.11318935741023288,0.6434451102984227,27.673446806838957,19.715615354417032,20.650401277424056,0.45938923688820127,0.09999704006663859,20.18066135717268,0.41226544216674677,0.15349415111843226,0.7043151739025341,30.4426387587963,21.760835165953022,22.551588994863764,0.49193183440447485,0.13285272902665887
diode_outdoor,Outdoor,dist:far,DAv2-metric-L,23354476,382,0,12.993735996987388,0.25693823151271006,0.3920243811079298,0.3789735846890045,17.5424302187804,13.985550957513524,13.780788880052413,0.28963127299714364,0.40797455427523055,12.147195351952618,0.23959658787268232,0.3357267149242977,0.3539567989851195,16.507214337417928,13.069174601205733,12.976622037275328,0.27497524168855547,0.37182484398680166,13.859388406516636,0.2750163268508488,0.4482956502592935,0.4046780345482549,18.62704942241921,14.929791160835807,14.72890880658093,0.3052704909142998,0.44366524967818277
diode_outdoor,Outdoor,dist:far,UniDepthV2-L,23354476,382,2039010,24.18015123595557,0.40303037883126047,0.47278478866320955,0.41070752333573246,17.282402014024104,26.065081369521746,26.432581661172378,0.5903771379673699,0.3477759373622842,21.68843251442462,0.35328924004485246,0.40637200189622114,0.3797582164444466,16.04048291866813,23.401220168995597,23.915204128339035,0.5214581480850531,0.31039365255074675,26.552855284617603,0.4543749661311323,0.544244018085563,0.44297815397413765,18.477513967566036,28.65465469056917,29.459335664738756,0.6779622043350956,0.3888141992287393
diode_outdoor,Outdoor,dist:far,Metric3Dv2-L,23354476,382,86119,7.497778325191265,0.09885742634943051,0.8752285857323453,0.2500941044517035,25.259377744943052,8.11065519700185,12.042094635438174,0.22934341606339131,0.6321033650577189,7.010144542971019,0.09203691584602175,0.8592212310659874,0.23192107124796243,23.472132413422237,7.5835052320089815,11.092888958800353,0.20929084207118193,0.5962470057704197,8.064140345768612,0.10691302230546573,0.8884738163385976,0.27013874847153463,27.151054005046316,8.728492452714683,13.12109215451224,0.25065743881289293,0.6665033533291982
diode_outdoor,Outdoor,dist:far,DepthPro,23354476,382,33918,86.36782854486427,0.4881921602756594,0.11645288038147376,0.8473540137660969,22.477270401933815,93.32027129034238,72.25728500765918,0.7256116585030745,0.09083817871468233,63.29080579212706,0.4538879981744936,0.07740871417434414,0.7708769902445689,20.87663444277436,68.94147346568295,52.92984081327046,0.587866119788677,0.07250342117864056,108.6881888323083,0.521151074636893,0.16247328357192267,0.918907396764327,24.06553410948829,117.04340409022026,95.18521693033561,0.8963276368492338,0.1088707972176688
mean,Outdoor,all,DepthVLM-4B,321614264,2446,11665,6.860214630921425,0.24315677249405854,0.6930302731992929,0.32704813535925076,27.257601837240156,7.45672966633295,6.423047549610786,0.2477600129679535,0.6867243610084627,6.712964955957219,0.2342211153174071,0.6844631753124313,0.320140248404851,26.603616568808842,7.299612473675373,6.28034621446467,0.23802475892278827,0.6786446290726468,7.003037511735207,0.25252701560894014,0.701902598405126,0.333677899174676,27.8789343170983,7.606601544440195,6.558076922209859,0.2580386506447109,0.6953419079729973
mean,Outdoor,all,DAv2-metric-L,321614264,2446,0,12.006668595176906,0.8235757867888102,0.213236700219805,0.6249463280231443,33.44397145098845,13.122911370156757,11.203445206786123,0.7897502008134354,0.23309023786083852,11.832862613568828,0.8013928036838126,0.2032758883551441,0.6155895483985605,32.722821574556946,12.92543309900544,11.02906884219424,0.7670283465668409,0.22216080614891862,12.181888445181604,0.8472814669854767,0.2232633480637332,0.6340097301272887,34.180751109073555,13.314781206189299,11.384068756606567,0.81476995703862,0.24345638192414276
mean,Outdoor,all,UniDepthV2-L,321614264,2446,5054379,12.676266061635383,0.49699036553643855,0.7389224903660948,0.4192042515845826,28.81056010373372,13.779302070516698,10.71710658402782,0.5543758818033501,0.7261732313418682,12.07064538936629,0.456281727935544,0.7262967247446054,0.4052568108825647,28.01141493993299,13.112675656590017,10.202466793442037,0.5004002034929855,0.7137654446718613,13.295864120933127,0.5415573455488425,0.7509552230697932,0.4322622207744587,29.595215226960118,14.442257182277485,11.233437092991794,0.6109321947123164,0.7379797449961698
mean,Outdoor,all,Metric3Dv2-L,321614264,2446,179676,8.504629665418829,0.21419490306867775,0.8556792644183785,0.30927428729918255,26.103747434258462,9.288835476703296,6.85479788713431,0.20999437734628623,0.8547533646349321,8.052384452999243,0.19752354174046224,0.8501518677444124,0.3015085299093271,25.48001602837115,8.811712221629195,6.614374136565206,0.19598471747115276,0.8494167009702167,8.926923531252603,0.23452959451855473,0.8608466050587177,0.316332937306665,26.71169463602971,9.743230844089792,7.068364463536713,0.22677635525188553,0.8600649709464415
mean,Outdoor,all,DepthPro,321614264,2446,217838,50.042178676777176,0.5244601560750306,0.270867290488255,0.7122081035363729,31.274026966064707,54.30976511450907,27.692514519242497,0.5442535333963979,0.27644016291757506,42.53493402330023,0.4954071086996081,0.2593461385840038,0.6953447854345569,30.50243740919187,46.23982579838935,24.944766347246922,0.5126762546883703,0.26481175867820583,57.1241865863598,0.5559035333981139,0.2816038671419068,0.7305313243131482,32.03638035832168,62.02433456559137,30.69608172983927,0.5804560694583908,0.28702903418878806
