dataset,domain,model,n_px,n_excl,n_img,rmse,absrel,d1,rmse_euc,rmse_img,absrel_img,d1_img,rmse_euc_img,rmse_lo,absrel_lo,d1_lo,rmse_euc_lo,rmse_hi,absrel_hi,d1_hi,rmse_euc_hi
ibims1,Indoor,DepthLM-12B,9750,250,100,1.261124322421089,0.14100731187009782,0.8100512820512821,1.3418763774330118,0.7865532953209885,0.1410578600130027,0.809925021367234,0.8405038898250561,0.9559241499666382,0.12117595854587061,0.7628220023901208,1.0172957758298942,1.5656368069311104,0.1626035631391665,0.8528818701604787,1.6692258455198132
ibims1,Indoor,DAv2-metric-L,9750,250,100,0.5883398960360122,0.12541827036974848,0.888,0.6308203435534354,0.45870226983795986,0.1256298518579886,0.8876611903185326,0.4926345135107125,0.4602081938410653,0.1099192894867807,0.8436431649073662,0.49447992213362557,0.7117883131022554,0.14205450965301203,0.927009618574913,0.7624528683184311
ibims1,Indoor,UniDepthV2-L,9750,250,100,0.49844536672471934,0.08963521347775671,0.9425641025641026,0.5346066279240785,0.36809269113789744,0.08983053301621276,0.9421626506099899,0.3952746836172554,0.4009755353296542,0.07567339634765921,0.9065966377745635,0.4294444025417991,0.5893207650546722,0.10748720947524561,0.9712546268501094,0.6329363551267974
ibims1,Indoor,Metric3Dv2-L,9750,250,100,0.7776898896137032,0.19421632141714743,0.7267692307692307,0.8296710885452058,0.6244317453336272,0.19411593950002393,0.7268244846243482,0.6677254374753068,0.6371707883318998,0.16516242476634577,0.6513986974182026,0.6804392656223716,0.9117958242920894,0.22409899969227332,0.8005077551301961,0.9746791069835182
nyuv2,Indoor,DepthLM-12B,8483,201,652,0.6233096051530095,0.1715103373047076,0.6817163739243193,0.667481843542464,0.5630506762790749,0.17267012189531822,0.6771469838954499,0.6022399451193932,0.5931337756069694,0.1674678740268083,0.6599649772180697,0.6355639262467986,0.6546133553838734,0.17609707847381023,0.7025408000316219,0.7021739926440067
nyuv2,Indoor,DAv2-metric-L,8483,201,652,0.4621631890761934,0.12040398650192127,0.8911941530119062,0.49491339451490646,0.3743177653305463,0.12055278504864338,0.8889514200863894,0.4004273547370729,0.4292120958739699,0.11407964722712133,0.8753742788232823,0.45849801059574796,0.49741076986810756,0.12723534846548867,0.9063080887514717,0.5340650410231401
nyuv2,Indoor,UniDepthV2-L,8483,201,652,0.44436290311224225,0.123171448288634,0.9016857243899564,0.4744274164077613,0.3643948221480461,0.12430758479697601,0.8993803103849114,0.3895204652855198,0.41537929193479795,0.1171163819210539,0.8871088723924059,0.44425124803317767,0.47443120644667064,0.1297307202787798,0.9162288171617825,0.5064980749223998
nyuv2,Indoor,Metric3Dv2-L,8483,201,652,0.30435343152352173,0.06768659551105041,0.9695862312861017,0.32514628141213986,0.24010294572264834,0.0679516761013098,0.9688884500809347,0.2565982428228516,0.2828774959323303,0.0646988252478303,0.9620833335783365,0.30217669230591754,0.326206779839058,0.07122918177104999,0.9752256986412666,0.34891827983254314
mean,Indoor,DepthLM-12B,18233,451,752,0.9422169637870492,0.1562588245874027,0.7458838279878006,1.004679110487738,0.6748019858000317,0.15686399095416045,0.743536002631342,0.7213719174722246,0.7909547768885881,0.14613942262885013,0.7198437932044645,0.8408988940747228,1.094774284842851,0.16724754095919128,0.7704475695244463,1.1641396849932435
mean,Indoor,DAv2-metric-L,18233,451,752,0.5252515425561028,0.12291112843583488,0.8895970765059531,0.5628668690341709,0.4165100175842531,0.123091318453316,0.888306305202461,0.4465309341238927,0.45779365754970214,0.11441366744796284,0.8670306260996888,0.49067978207203217,0.5901424614400962,0.13167079165345855,0.9103431819703303,0.6316528611629285
mean,Indoor,UniDepthV2-L,18233,451,752,0.47140413491848077,0.10640333088319535,0.9221249134770295,0.5045170221659199,0.36624375664297176,0.10706905890659438,0.9207714804974507,0.39239757445138757,0.4178886474801349,0.09865531809414188,0.9049567004609413,0.4472902904163041,0.5196105820213516,0.11550200100217409,0.9384503007276243,0.5554990784181754
mean,Indoor,Metric3Dv2-L,18233,451,752,0.5410216605686125,0.13095145846409892,0.8481777310276661,0.5774086849786728,0.4322673455281378,0.13103380780066687,0.8478564673526414,0.4621618401490792,0.47123673796881155,0.1160462305509871,0.8113414420292405,0.5030413758541309,0.608209119087296,0.14596188568742208,0.8846137422720798,0.6489485056214536
diode_outdoor,Outdoor,DepthLM-12B,9756,244,446,10.443537593824987,0.5176853324654942,0.25543255432554324,11.260638612150842,8.744805923289741,0.518321945131015,0.25458425526408407,9.426683333809253,9.862617040098145,0.48452418544127585,0.2305606999304658,10.637389342314535,11.03594595826892,0.5535443644936661,0.27865385356221595,11.922636419815126
diode_outdoor,Outdoor,DAv2-metric-L,9756,244,446,8.18571441788126,0.7421044141883755,0.33640836408364083,8.81217744182965,7.307432517190506,0.7410382948735849,0.3358800000319842,7.859325104482079,7.836654211169601,0.6767043864494722,0.3125508737558541,8.431579960362862,8.601643641899766,0.8180816681041275,0.3608058182561207,9.257923881687045
diode_outdoor,Outdoor,UniDepthV2-L,9756,244,446,21.82193560993089,1.2455587249189788,0.44198441984419845,23.559340608615415,14.221025550011554,1.2513509609854034,0.44129160304828075,15.341472514347144,19.631079455861663,1.0385929171904902,0.40764631849716054,21.211935356123863,24.021397710877768,1.4778468571661783,0.4780397688074478,25.91902537460463
diode_outdoor,Outdoor,Metric3Dv2-L,9756,244,446,4.122018276739491,0.2054265199449949,0.8488109881098811,4.417765344643698,3.0598573389550805,0.20601139345735694,0.8483532860848124,3.286850865382878,3.7393267578418286,0.17718098933317628,0.8345458062085928,4.008271878999391,4.484621883277757,0.2358464340279084,0.8620195647382202,4.798060968103812
mean,Outdoor,DepthLM-12B,9756,244,446,10.443537593824987,0.5176853324654942,0.25543255432554324,11.260638612150842,8.744805923289741,0.518321945131015,0.25458425526408407,9.426683333809253,9.862617040098145,0.48452418544127585,0.2305606999304658,10.637389342314535,11.03594595826892,0.5535443644936661,0.27865385356221595,11.922636419815126
mean,Outdoor,DAv2-metric-L,9756,244,446,8.18571441788126,0.7421044141883755,0.33640836408364083,8.81217744182965,7.307432517190506,0.7410382948735849,0.3358800000319842,7.859325104482079,7.836654211169601,0.6767043864494722,0.3125508737558541,8.431579960362862,8.601643641899766,0.8180816681041275,0.3608058182561207,9.257923881687045
mean,Outdoor,UniDepthV2-L,9756,244,446,21.82193560993089,1.2455587249189788,0.44198441984419845,23.559340608615415,14.221025550011554,1.2513509609854034,0.44129160304828075,15.341472514347144,19.631079455861663,1.0385929171904902,0.40764631849716054,21.211935356123863,24.021397710877768,1.4778468571661783,0.4780397688074478,25.91902537460463
mean,Outdoor,Metric3Dv2-L,9756,244,446,4.122018276739491,0.2054265199449949,0.8488109881098811,4.417765344643698,3.0598573389550805,0.20601139345735694,0.8483532860848124,3.286850865382878,3.7393267578418286,0.17718098933317628,0.8345458062085928,4.008271878999391,4.484621883277757,0.2358464340279084,0.8620195647382202,4.798060968103812
