dataset,domain,group,model,n_px,n_img,n_clip,rmse,absrel,d1,logrmse,silog,rmse_lo,absrel_lo,d1_lo,logrmse_lo,silog_lo,rmse_hi,absrel_hi,d1_hi,logrmse_hi,silog_hi
ibims1,Indoor,all,DepthLM-12B,9750,100,0,1.261124322421089,0.14100731187009782,0.8100512820512821,0.3047790044167947,15.857421275609996,0.9559241499666382,0.12117595854587061,0.7628220023901208,0.23628488629059935,13.540100965833181,1.5656368069311104,0.1626035631391665,0.8528818701604787,0.37378148059999394,18.61793133146506
ibims1,Indoor,all,DAv2-metric-L,9750,100,0,0.5883398960360122,0.12541827036974848,0.888,0.15148020527406997,6.434950187324151,0.4602081938410653,0.1099192894867807,0.8436431649073662,0.13551018562259662,5.7001317709240515,0.7117883131022554,0.14205450965301203,0.927009618574913,0.16740527120935036,7.228758402959692
ibims1,Indoor,all,UniDepthV2-L,9750,100,0,0.49844536672471934,0.08963521347775671,0.9425641025641026,0.12662963872786728,5.702472792341263,0.4009755353296542,0.07567339634765921,0.9065966377745635,0.1057135451158672,4.891564529386781,0.5893207650546722,0.10748720947524561,0.9712546268501094,0.15070958142147145,6.585553578807863
ibims1,Indoor,all,Metric3Dv2-L,9750,100,0,0.7776898896137032,0.19421632141714743,0.7267692307692307,0.21538850040388946,6.1752846661114935,0.6371707883318998,0.16516242476634577,0.6513986974182026,0.18837365108610696,5.317777767837078,0.9117958242920894,0.22409899969227332,0.8005077551301961,0.2423165428245994,7.095793892789636
ibims1,Indoor,all,DepthPro,9750,100,1,0.8645195558065386,0.16434555974188578,0.8306666666666667,0.21493210490646616,6.343687329125088,0.556150858647148,0.12617300791564068,0.7783472490785834,0.15675910744737367,5.557194915718398,1.1411371059741522,0.2191711423803178,0.8796615337317047,0.2859994746683314,7.20210990672528
ibims1,Indoor,dist:near,DepthLM-12B,2779,84,0,0.34233194635753955,0.16246641972313822,0.8089240734077006,0.218220172926181,9.352533063066817,0.2811840064721924,0.13462805245110504,0.7365286618354868,0.17275333251450922,7.813668306767941,0.40866498725774547,0.1944519391443659,0.8674307552320292,0.26943445361888696,10.955751319449055
ibims1,Indoor,dist:near,DAv2-metric-L,2779,84,0,0.3259829048621624,0.17462553890115015,0.7718603814321698,0.19415720023842473,4.990654870477422,0.26629074285452836,0.13777910232624282,0.6592967069345835,0.15896515808791908,4.026553101913235,0.387583170364319,0.21290867038504085,0.8785772056287507,0.22838189975818016,6.078271332570955
ibims1,Indoor,dist:near,UniDepthV2-L,2779,84,0,0.2937756628322939,0.12333420221200922,0.8870097157250809,0.16220186147721033,3.8917112448046836,0.16582766641009977,0.08309938034231483,0.7787101446191097,0.10690915767960896,3.087582333700042,0.41450040918228603,0.17839850413004277,0.9700417774433298,0.21768033569412207,4.802906354363711
ibims1,Indoor,dist:near,Metric3Dv2-L,2779,84,0,0.43811826744954974,0.24480279218572792,0.5444404462036704,0.2516057222176209,4.402786105322215,0.3801151669421132,0.20073570449783995,0.40504759503790155,0.21385871929516964,3.5163065555587143,0.49628285722360954,0.2945625577384327,0.6884500988873611,0.28829367463473504,5.300960092350886
ibims1,Indoor,dist:near,DepthPro,2779,84,0,0.8044102674858697,0.2520166280108504,0.7369557394746311,0.3067178645118405,4.267176779505912,0.2673572231944408,0.13658797165594996,0.6154039255074143,0.16309434308585394,3.525833882333223,1.329747459123132,0.4428309265828796,0.8477299806305273,0.4636381072813043,5.054519960192936
ibims1,Indoor,dist:mid,DepthLM-12B,4747,91,0,0.47839739579799,0.09670053279741614,0.8978302085527702,0.19722975955647495,11.602696255056266,0.37051411753523994,0.07990369817851459,0.8516726199011849,0.14434180477583483,9.846232485857339,0.6028872488230526,0.11742848038046888,0.9358719169455348,0.2571334112855688,13.651247090910264
ibims1,Indoor,dist:mid,DAv2-metric-L,4747,91,0,0.39769509836691624,0.10889220292365723,0.9437539498630714,0.12785303349875407,5.5973873284287174,0.3508545052070268,0.09474204041690544,0.9100922514599173,0.11400502406436329,4.712274911590192,0.4451546541364396,0.12419083373682648,0.9702386264083595,0.14194910616456843,6.600521171349226
ibims1,Indoor,dist:mid,UniDepthV2-L,4747,91,0,0.2842598881052986,0.07113507595895786,0.9751421950705709,0.0977600344143082,4.609824768173899,0.23979287942139862,0.05853537276380234,0.9565895046418093,0.08271364883973387,3.768767449801858,0.32946224073506153,0.08632333414974888,0.99010850632518,0.1122859906558774,5.5832367402496565
ibims1,Indoor,dist:mid,Metric3Dv2-L,4747,91,0,0.7078948914810282,0.1952971177550218,0.7640615125342322,0.21287760040642845,4.935346411060551,0.5900450778832144,0.1626097242859981,0.6703270175419371,0.1791571778346681,4.039109297830518,0.8375688460039505,0.2353529922260034,0.8500084814324429,0.2490238238722187,5.997594902922505
ibims1,Indoor,dist:mid,DepthPro,4747,91,0,0.437314888106454,0.12452228036402423,0.8898251527280387,0.14801346693968004,5.081813729927498,0.3808617874038948,0.10611789102200686,0.8216702925989674,0.1291784080240208,4.189823060327494,0.48963116804012397,0.1431408218001704,0.9416826565064309,0.16580072183004804,6.071568636714707
ibims1,Indoor,dist:far,DepthLM-12B,2224,66,0,2.5174431899046863,0.20876334583341638,0.6241007194244604,0.5144877035693067,17.014917252106947,1.916329013600933,0.1643341172025242,0.5339103355846696,0.3614167101676502,12.767221208992922,3.056508542242412,0.2596644176734571,0.7213838247163271,0.6637776478766575,21.834373276924467
ibims1,Indoor,dist:far,DAv2-metric-L,2224,66,0,1.0232899887579845,0.09920525009898859,0.9141187050359713,0.1363870861241705,4.957299960221409,0.7396673890289273,0.07961344907932859,0.8440548626204928,0.11026468961610988,3.7739388131372804,1.284179932818302,0.11815438369129934,0.968798876613704,0.1619017223696384,6.156425911065144
ibims1,Indoor,dist:far,UniDepthV2-L,2224,66,0,0.8993781817351941,0.08701410876069307,0.9424460431654677,0.13047497055007687,5.579142378539417,0.6975126268000252,0.0729703911307822,0.8862024881888332,0.10875841268617735,3.879510154793584,1.105046972426266,0.10161671851436167,0.9824827941332039,0.1538768517084035,7.518732818279831
ibims1,Indoor,dist:far,Metric3Dv2-L,2224,66,0,1.1584455055568434,0.12869908109260836,0.875,0.16599248911707115,5.425387359384747,0.8769634414308568,0.09542104068766857,0.788044687560183,0.12690347840406382,3.9999116362149802,1.4140810502914538,0.1683492031381647,0.94346020468313,0.20279235605385118,7.27961757959668
ibims1,Indoor,dist:far,DepthPro,2224,66,1,1.4352060200929515,0.13979664269478873,0.8214928057553957,0.19546931005841195,5.2375001542847714,0.8830267135784061,0.10732955944852104,0.7116646827019907,0.14302559244236124,3.929852433814726,1.9648499337296004,0.1746485670394326,0.9214153931028874,0.24436427634606725,6.700696581767542
ibims1,Indoor,region:boundary,DepthLM-12B,391,85,0,1.8667334469383032,0.23325341371507446,0.649616368286445,0.4386185399187977,21.356075668741262,1.2212974741636624,0.19556379491411785,0.5816520242803128,0.33476332089950434,17.356987657168485,2.471960608271512,0.2709344219249085,0.718079909135348,0.5465221953679824,25.90025869621086
ibims1,Indoor,region:boundary,DAv2-metric-L,391,85,0,0.8483615674646046,0.17620697134526475,0.7595907928388747,0.2198303608302713,11.25390946271436,0.6439804513360587,0.1456723017150517,0.6834997954173485,0.18907586391533618,9.158908910289057,1.0581986879304421,0.2073403904768357,0.8230306432439571,0.24946262297526528,13.635959037637207
ibims1,Indoor,region:boundary,UniDepthV2-L,391,85,0,0.7369771354708664,0.13068381942872717,0.8695652173913043,0.19310874552418242,11.755662277144207,0.5498956763583589,0.10842163273967267,0.8118100358422938,0.15727949332346178,9.27689037523773,0.9166351553334777,0.15561668128064818,0.9160123341225703,0.22902707071226563,14.564109372950455
ibims1,Indoor,region:boundary,Metric3Dv2-L,391,85,0,1.0240843178188128,0.2320351164797174,0.6828644501278772,0.2650401665378105,11.85313122155837,0.7997587225660342,0.19905990447930388,0.6072350781284912,0.2343252498290172,9.599276655396975,1.26871410910288,0.26744244712539084,0.7536258922777418,0.2953852611831149,14.449090693372929
ibims1,Indoor,region:boundary,DepthPro,391,85,0,0.9551557738804654,0.1734792432245902,0.7468030690537084,0.2240416500553069,10.693308478950597,0.6278660152349105,0.144654129987724,0.6658064286730195,0.18552773449064738,8.465802229719891,1.2954545440905765,0.20348506862627183,0.8150906149490592,0.2635728421415297,13.282853942496477
ibims1,Indoor,region:interior,DepthLM-12B,7893,85,0,1.259502318633677,0.1353758188449982,0.830862789813759,0.3057221435735198,15.229962471466953,0.8862986191725816,0.11357079102115641,0.783878030034803,0.21371202279363902,12.45502767004223,1.5767694812356507,0.1598172614825601,0.8758365457333305,0.3912411919652867,18.197143770138005
ibims1,Indoor,region:interior,DAv2-metric-L,7893,85,0,0.5180515144595897,0.11720889369802454,0.9052324844799189,0.1410746672728944,5.781981550625207,0.4047852935342024,0.1010812050992388,0.8551179667248957,0.12346482732696525,5.038457562384334,0.6495044673934642,0.13597313202700134,0.9456015709491274,0.1600438880690357,6.512875902964422
ibims1,Indoor,region:interior,UniDepthV2-L,7893,85,0,0.4501375049837577,0.07966254739771604,0.9645255289497022,0.10734882208415224,4.819072719950475,0.3467155889258503,0.06871333154785518,0.9401902039783917,0.09447226419698979,4.061742342321913,0.5519597420069835,0.0910766498652318,0.9840820122532061,0.12032055834743742,5.631566094194276
ibims1,Indoor,region:interior,Metric3Dv2-L,7893,85,0,0.7294946484357142,0.1949512721290313,0.7286202964652223,0.2156867487555789,5.340364831571372,0.6116778564039954,0.16295592356296779,0.6390136128054452,0.1852729233171557,4.511305750199915,0.8423010316740563,0.2318830220127959,0.8057394272892237,0.24833999299716958,6.244543551388809
ibims1,Indoor,region:interior,DepthPro,7893,85,1,0.7411856097298749,0.13457407405997135,0.8434055492208286,0.1622678237733991,5.686508401907389,0.48773966882790637,0.11673776433427106,0.7816961057086376,0.14452126798106585,4.895427781786187,1.0410928884591117,0.15327631475826178,0.9018373837713145,0.18112339449983494,6.455423960569669
nyuv2,Indoor,all,DepthLM-12B,9713,654,9,0.8305320757447019,0.213128221305049,0.6731185009780706,0.28519844826972585,15.625686088564725,0.750991847463385,0.1978676203308639,0.6526409811152005,0.2681011491692337,14.541457169751245,0.9194664398219798,0.2314904422555065,0.691963725473552,0.30344713596468414,16.725361670453943
nyuv2,Indoor,all,DAv2-metric-L,9713,654,32,0.9083007429211242,0.18464778959255335,0.8595696489241224,0.24560669243699396,12.591348603228992,0.7956247190729049,0.16557317110190672,0.843371418837303,0.22273033188911975,11.513366104900426,1.0229298552469013,0.20691825511656958,0.8749395237275618,0.2683432737375904,13.65778788937295
nyuv2,Indoor,all,UniDepthV2-L,9713,654,49,0.979575525202687,0.19303863461115575,0.8726449088849995,0.24544506200245594,11.621414292980033,0.8177782008491702,0.169649526164132,0.8568454740048705,0.2215747782863579,10.623719382002678,1.1515643535973767,0.22105952815290758,0.8869251689568693,0.2695853245621214,12.706774536662547
nyuv2,Indoor,all,Metric3Dv2-L,9713,654,27,0.8065589847372748,0.1269379754157591,0.9410068979717904,0.22608926066496182,12.050313563602606,0.6863223156559813,0.10909406688129294,0.932273575239482,0.20163759066525605,10.886366187384562,0.9331825998703325,0.15001569188987465,0.9488145870758959,0.2536126272547653,13.34572678193211
nyuv2,Indoor,all,DepthPro,9713,654,38,0.9593698947859542,0.18780025458504174,0.8555544116133018,0.244233657746296,12.135679501731753,0.8132027010557479,0.16674299732606773,0.8374973871199194,0.2215679507492883,11.080063973737767,1.1187282108732506,0.21231948175281348,0.8717391517073847,0.2678165684867704,13.217853817453674
nyuv2,Indoor,dist:near,DepthLM-12B,3266,573,4,0.8662057758701831,0.26447490025605025,0.7124923453766074,0.3256355781357626,15.569888568082595,0.6759115784175598,0.22412235210387182,0.686121185142242,0.28846512671625263,13.92695590014308,1.0548612898766097,0.3143028562171601,0.7370516640416754,0.36627293295430063,17.33411321125231
nyuv2,Indoor,dist:near,DAv2-metric-L,3266,573,11,1.0939098134965553,0.297641427062237,0.7951622780159217,0.34084853704123413,12.65822540696691,0.9104436172742096,0.2511975979906542,0.766779815462292,0.30029809791102857,10.980851868652996,1.2706562529623926,0.35440731583397317,0.8220614552171084,0.3830725065507072,14.454462352572282
nyuv2,Indoor,dist:near,UniDepthV2-L,3266,573,21,1.2192030866388202,0.3203214873266147,0.8006736068585426,0.34567782511503053,11.766287508665913,0.9518549672464547,0.2599239465118745,0.7733907179131896,0.30171402922942425,10.15865798911151,1.4666440363334625,0.3947530700492399,0.8269176817864679,0.3899970626347223,13.44098407343155
nyuv2,Indoor,dist:near,Metric3Dv2-L,3266,573,11,1.0032181705906962,0.21491490332154387,0.9197795468462951,0.3212606155822388,12.804657652748975,0.8106238810128831,0.1683830003346185,0.906271524025537,0.2737796419258262,10.85151809816915,1.1850334686157253,0.27252956008390156,0.933355558014718,0.36856602335545774,14.720441818585241
nyuv2,Indoor,dist:near,DepthPro,3266,573,11,1.13506987166493,0.30325742667810973,0.7868952847519902,0.33966473581183615,12.249037200466663,0.9214196961563483,0.2513407739646198,0.7595583396762107,0.29850857655765456,10.63241186040037,1.341140550665923,0.3674842073464101,0.8144868147885591,0.3857875595630115,14.06075482314658
nyuv2,Indoor,dist:mid,DepthLM-12B,5186,629,1,0.6673979737922077,0.18451480392133163,0.6615888931739298,0.2528447672329432,9.63301505097769,0.6072063557396187,0.1770706731875013,0.6355802915433812,0.23879320220452827,8.852928197873092,0.744042558651754,0.1935803105082247,0.68767347828703,0.26889195621909895,10.352247635613484
nyuv2,Indoor,dist:mid,DAv2-metric-L,5186,629,8,0.6662666457776305,0.12385951323048018,0.9053220208252989,0.17274096602099845,7.638758240333812,0.5440884916235726,0.11353863374200363,0.8903179969606173,0.1549259594777524,6.8954357763548435,0.7955537985962183,0.13573992488258177,0.9206184668314168,0.19216292059502063,8.38105791357928
nyuv2,Indoor,dist:mid,UniDepthV2-L,5186,629,9,0.6800366639522005,0.1265269197315828,0.9182414192055535,0.168116819597944,6.084434122583442,0.5250678499139946,0.11523380012763909,0.9028404416863811,0.15017943105383746,5.438833945668304,0.8605908565110861,0.1412678716042754,0.9345670060739483,0.18960822215299392,6.7589482991307825
nyuv2,Indoor,dist:mid,Metric3Dv2-L,5186,629,3,0.5591697516112671,0.07708814052002141,0.9606633243347474,0.1514597441391132,6.327190682055913,0.41992954573389435,0.0693745053064771,0.9510567800585786,0.12460907431339559,5.514540042446141,0.7086703929545544,0.08758479308085156,0.9690300806343236,0.17908196107791552,7.2208903494570365
nyuv2,Indoor,dist:mid,DepthPro,5186,629,9,0.6644958181541808,0.12765120301194935,0.8983802545314308,0.17123224522173106,6.664491362308915,0.5361671648442025,0.1176950152119147,0.8805813266827199,0.1550454711434669,5.995180356651056,0.8009524686580357,0.1388730888744812,0.9147793340378267,0.18969919612457334,7.3435580964342835
nyuv2,Indoor,dist:far,DepthLM-12B,1261,309,4,1.2401550640694838,0.19781571464207437,0.6185567010309279,0.29825318848788107,9.372902702973066,1.1680250130724532,0.1888437469516619,0.5780296695128273,0.27240463841210605,8.115212895936532,1.3208562112122815,0.20783391533229653,0.6574771251475796,0.32595849157471,10.64595591006387
nyuv2,Indoor,dist:far,DAv2-metric-L,1261,309,13,1.195742785561896,0.14199178740200988,0.838223632038065,0.20254150569994636,6.450460759812967,1.022732320262293,0.12692304013482325,0.8012031191373432,0.17428143362521797,5.568411427685403,1.3550292299645377,0.1568105375015481,0.8736321873147599,0.2347523898972562,7.4271459804529
nyuv2,Indoor,dist:far,UniDepthV2-L,1261,309,19,1.280381827331867,0.13691171660701343,0.8715305313243458,0.1957215137024907,5.389022297035137,1.0484451772653949,0.1211710120945374,0.8379414588232351,0.16620591546124905,4.639350449359659,1.5129929353261653,0.15314044270220242,0.902349458666212,0.22759167943845762,6.254095655406678
nyuv2,Indoor,dist:far,Metric3Dv2-L,1261,309,13,1.0574699297242627,0.10408991612075723,0.9151467089611419,0.179096871975201,6.182068747915776,0.8587188270252635,0.09250655887972084,0.8938856010511584,0.14940240379541808,5.311770452261828,1.254271547147755,0.1172545380904932,0.9338524501216923,0.2082722373388685,7.138149324890172
nyuv2,Indoor,dist:far,DepthPro,1261,309,18,1.3916000219098759,0.13613479653753746,0.8572561459159397,0.20015818231933594,6.33109078601506,1.0277871016725781,0.12030021245986353,0.8236695158431779,0.1719779922005044,5.533589747208305,1.783139883995806,0.15251097499307198,0.8890726325408265,0.23341883293045987,7.245362554376415
nyuv2,Indoor,region:boundary,DepthLM-12B,643,396,2,1.2754159762553594,0.34460086432946413,0.5287713841368584,0.40996170043468255,17.65955652671364,1.0158822945666903,0.2781049755088712,0.4877998387421891,0.35793127676190756,14.572006423830267,1.5669926557914715,0.43371816503429267,0.5728201063846001,0.4660639798766864,20.801374105052457
nyuv2,Indoor,region:boundary,DAv2-metric-L,643,396,4,1.4415120620311836,0.3699489998583618,0.6967340590979783,0.39986248555216714,16.575900683253995,1.1399097375072649,0.2844419322722497,0.660089536561731,0.33479880374917703,13.858327036182699,1.739664524639553,0.47051995289585724,0.7344866620174796,0.46608539980770564,19.774632060072193
nyuv2,Indoor,region:boundary,UniDepthV2-L,643,396,6,1.5281159966448699,0.38446165845262065,0.6920684292379471,0.398546559356579,15.87640242455236,1.1483252814228673,0.29344841879889705,0.6547044435385243,0.3357530160845319,13.212539085768734,1.939386694497125,0.49943833042206925,0.7297744678284991,0.46342690327237096,18.842100050531464
nyuv2,Indoor,region:boundary,Metric3Dv2-L,643,396,3,1.3020594964784664,0.2994960862576437,0.7791601866251944,0.3644421101755322,14.618162380449599,0.9951468849363231,0.22511764012234237,0.7481013943818479,0.3005491912322608,11.863040844267557,1.6134729891198736,0.3891628935518783,0.8121190221094313,0.4291301991681014,17.899298342577644
nyuv2,Indoor,region:boundary,DepthPro,643,396,3,1.39937120159241,0.35580655663561367,0.7045101088646968,0.3878221876872031,15.30594849896653,1.08113833119469,0.2756653810702839,0.6686332118932895,0.32740872174283403,12.61468221552,1.7117930754510085,0.4552907115807317,0.7407511611289745,0.4543240180949332,18.522678910457604
nyuv2,Indoor,region:interior,DepthLM-12B,9070,654,7,0.7895338229243193,0.20380772412040757,0.6833517089305402,0.27420716449650767,14.171084727404486,0.7194199423808775,0.19091996733046285,0.6616503313340976,0.25791163571906467,13.142049500496965,0.8619291191781152,0.2191547564370065,0.703491302604534,0.29069506198824996,15.275093871479895
nyuv2,Indoor,region:interior,DAv2-metric-L,9070,654,28,0.8580122466753441,0.1715112208824194,0.8711135611907387,0.23078997625454922,11.053315931745905,0.7430211450994942,0.15361621631295747,0.8547629905013774,0.20902759478807853,10.0259360679068,0.9755203749928728,0.1905733253380607,0.8860709527318916,0.25185511625026225,12.116244910776771
nyuv2,Indoor,region:interior,UniDepthV2-L,9070,654,43,0.9284663864241482,0.17946807184047642,0.8854465270121279,0.23076720115316965,9.980832687386233,0.7740374038724536,0.15917253670143686,0.8695161436527472,0.2083935459178551,8.97699430842015,1.0904649413058851,0.2035765409275108,0.899804715691703,0.25395558902255716,11.046961208988066
nyuv2,Indoor,region:interior,Metric3Dv2-L,9070,654,24,0.7592541117616428,0.11470480394152184,0.9524807056229327,0.21289497623538733,10.596364347601874,0.6442421731308577,0.09924189805176784,0.9438036333855353,0.1876357245851605,9.474182273789593,0.886900636710667,0.13478695563559995,0.9605347751604885,0.23880913655753996,11.914486629431101
nyuv2,Indoor,region:interior,DepthPro,9070,654,35,0.920225134470188,0.17588977473735506,0.8662624035281147,0.23068617581930762,10.627704706885998,0.7575234190492999,0.1567136903584287,0.8483973118043563,0.2088901404071588,9.610380592971214,1.0853514922397445,0.19761944636106232,0.8836948224563458,0.2520595429542126,11.699995171588906
ddad,Outdoor,all,DepthLM-12B,9920,1000,34,13.693487110159811,0.25289304230393217,0.680241935483871,0.41673926386281773,30.928402264957292,12.975114084426691,0.24033096186763145,0.6681447609574226,0.3983193893543581,29.671969798361157,14.38340647399224,0.265518555918491,0.6928076608703913,0.4349734389065997,32.22499413327015
ddad,Outdoor,all,DAv2-metric-L,9920,1000,0,18.39829588427147,0.931722869545057,0.19909274193548387,0.6966116162655049,27.840298722482107,17.987373535640693,0.9075257583456786,0.18235599033837255,0.6854996940731715,26.92306428565016,18.8250094778515,0.9606768698025276,0.2163202753632071,0.7095845174540727,28.834665329562863
ddad,Outdoor,all,UniDepthV2-L,9920,1000,11,9.629189228530477,0.13307569487212595,0.8662298387096774,0.25783501611695586,17.242126711707797,8.650998305723808,0.12563872470728643,0.8569090919462018,0.24208302491273384,16.282365535217288,10.745571644592811,0.14113165084561385,0.8752149507579577,0.27365756707126104,18.247532463610828
ddad,Outdoor,all,Metric3Dv2-L,9920,1000,16,8.862007834438476,0.11785431746955097,0.8679435483870968,0.2766804922673935,17.908470312070683,8.263000285084113,0.11334565308111277,0.8579064004106326,0.26010669595673336,16.967766166805603,9.51042568811468,0.12331201155852747,0.8767389066387006,0.2944703154368903,18.973188156843623
ddad,Outdoor,all,DepthPro,9920,1000,2,19.49311363758162,0.4813423966826919,0.1342741935483871,0.9192633090852682,23.344999984672913,18.70888971014944,0.4706548562105962,0.1179212088572518,0.8909487755064431,22.44855947714844,20.328424692859134,0.4936559355420398,0.1489994310147405,0.9492347798979798,24.35042321465957
ddad,Outdoor,dist:near,DepthLM-12B,2717,842,0,5.1003832616272735,0.3131624663070981,0.7099742362900258,0.3783336244917414,16.8834158770799,3.7506490531280154,0.2748133019611955,0.6871815934898869,0.3439663027876433,15.307545541473226,6.760551426476083,0.35914595617499323,0.7339860431651155,0.4128172733549755,18.478306026043654
ddad,Outdoor,dist:near,DAv2-metric-L,2717,842,0,9.736613121480111,1.3475253109637078,0.0979020979020979,0.8642190408846557,11.61707980611232,9.446800078255343,1.3059705191726785,0.08180232714530854,0.8483945893637728,10.537382861996871,10.03660572424189,1.3874301872204113,0.11478742140205765,0.8797342041952393,12.72613874312675
ddad,Outdoor,dist:near,UniDepthV2-L,2717,842,0,2.972216698535884,0.1258457981382237,0.9293338240706662,0.21176604976051103,7.350047922446614,2.042640941745042,0.10654962454641803,0.9149634741854125,0.18143634395864852,6.313519151896362,3.8419344558987043,0.1498066358860333,0.9430161883301708,0.24374833410811816,8.4369647176272
ddad,Outdoor,dist:near,Metric3Dv2-L,2717,842,0,1.5283763300379258,0.08742387615180676,0.9359587780640413,0.16629914661624498,6.533966050594233,0.9898974073145084,0.07883772291728261,0.9240070041511963,0.1461626654557392,5.801446067178942,2.0677710643154623,0.09789601779679695,0.9462478826692778,0.18612420881539682,7.29094742583158
ddad,Outdoor,dist:near,DepthPro,2717,842,0,3.34496208756036,0.43980623983961303,0.17887375782112624,0.8106496403362332,13.108294598989136,3.2154033114507135,0.4240149849573147,0.15113308984668183,0.7775385315935063,11.807492620679964,3.46913132578571,0.45487121088352883,0.205325127670729,0.8426823498365639,14.615929432062979
ddad,Outdoor,dist:mid,DepthLM-12B,4771,976,7,7.809185356144874,0.1969680319296395,0.7629427792915532,0.3070053306518478,16.984741312043262,6.443182015870281,0.1852407102260171,0.7456896421380057,0.28400156803992455,15.910974309581258,9.254048506148807,0.20940629559115137,0.7793068723306048,0.329118562863654,18.11851024645276
ddad,Outdoor,dist:mid,DAv2-metric-L,4771,976,0,19.40541693864002,0.9617981347214877,0.1649549360721023,0.6992315894599594,12.28127827246321,18.89780350951547,0.9318648247030387,0.1442717592789353,0.685965526573458,11.575344099100747,19.947080302230685,0.9922768769109134,0.18718417387888428,0.7129474589343122,13.07099097124248
ddad,Outdoor,dist:mid,UniDepthV2-L,4771,976,2,5.17594972127019,0.1179783438713375,0.8933137706979669,0.21764741756909986,10.640344399378879,4.223713089333765,0.10979758027297049,0.8822281079736789,0.19991105781633103,9.767794280620878,6.225034518480832,0.12719804329352694,0.9045432054310218,0.23523973306128396,11.521726198478566
ddad,Outdoor,dist:mid,Metric3Dv2-L,4771,976,0,4.570356156167731,0.107584223669995,0.8922657723747642,0.23539520235002567,11.045767296943264,3.915083546864242,0.1016998236544265,0.8811121808189996,0.21615236051688017,10.15584398470429,5.284142335161403,0.11423873931183275,0.9028445874459748,0.25397745218932266,11.956888595568323
ddad,Outdoor,dist:mid,DepthPro,4771,976,0,9.955999509993836,0.46207396982378823,0.14420456927268915,0.8584058067172156,12.114055490360851,9.668136944506482,0.4466020415827927,0.12586281650694645,0.8220515921806437,11.36373598449772,10.244801550876293,0.47566970356898625,0.16346944596647223,0.8916220946403175,12.920981277512082
ddad,Outdoor,dist:far,DepthLM-12B,2432,798,27,24.822424327697817,0.2952722361687142,0.4847861842105263,0.6029816962762697,29.45228068513554,23.54868373318074,0.28344519719691524,0.4602792315262122,0.5651396815070124,27.52344986539547,26.018392309217575,0.30825839777288094,0.5086746154480885,0.6391758496631835,31.421029162686185
ddad,Outdoor,dist:far,DAv2-metric-L,2432,798,0,23.152993663731504,0.4081931312674162,0.37911184210526316,0.4310795667667539,23.313884189544005,22.44213243077241,0.3918036190254692,0.3561621683199551,0.41777254963610044,22.08191126723738,23.866579522325328,0.42542357279493886,0.40232212008673995,0.4454052809001008,24.578004663534387
ddad,Outdoor,dist:far,UniDepthV2-L,2432,798,9,17.77018533501056,0.17077022244234574,0.7425986842105263,0.3579587304109043,17.18173541362479,15.813006419547545,0.1601201419247822,0.7229469653961995,0.3288799040736888,15.785410921241143,20.028436525301302,0.18298028188734836,0.7625746187017632,0.38792607727554135,18.642433134195464
ddad,Outdoor,dist:far,Metric3Dv2-L,2432,798,16,16.635914641880607,0.17199828399010716,0.7442434210526315,0.4155151130092648,19.19311702480196,15.439596545922521,0.16296867193302855,0.7234222664776302,0.38221424656785447,17.58651054696038,17.88015808289626,0.18136487410718852,0.7646186764422478,0.45098055281742083,21.019368139574482
ddad,Outdoor,dist:far,DepthPro,2432,798,2,36.64656985985547,0.565546098445222,0.0649671052631579,1.12569438791413,18.964631181075553,35.30583310638944,0.5503980916598693,0.05079959004712033,1.0865664457089892,17.680026038894486,38.00142306933507,0.5818936933292966,0.07931328392795733,1.1665202139235242,20.221740530245512
nuscenes,Outdoor,all,DepthLM-12B,9816,1000,5,6.539765652801602,0.28289103472330396,0.8234515077424613,0.34714162726064,21.7089821684148,6.090097806369408,0.16297271572565114,0.8117217720914338,0.31593003870562686,20.2850869130299,7.009648947812601,0.500597300181515,0.835214045429043,0.3782470789124048,23.17733021482846
nuscenes,Outdoor,all,DAv2-metric-L,9816,1000,0,9.472454239184065,0.8214711906369736,0.1704360228198859,0.5568733502294898,26.233710464049366,9.153138607463935,0.6259455404373967,0.15957911935168814,0.5354892998634238,24.945588177315795,9.804313913884224,1.1087063598088298,0.1833419629750655,0.5799942062091094,27.51250475490899
nuscenes,Outdoor,all,UniDepthV2-L,9816,1000,38,9.025820671422075,0.5272918428143806,0.8710268948655256,0.33053961885198674,19.615494855217975,7.425135520666182,0.19232107423844252,0.8608157642420343,0.2986050878644539,18.273127397289663,10.539188532949277,1.0609037889938846,0.8807171233574411,0.3655200712785245,20.979031266297767
nuscenes,Outdoor,all,Metric3Dv2-L,9816,1000,104,13.678476416598068,0.514438671360045,0.8453545232273839,0.36609129239646687,22.230475499792725,12.031918920034192,0.23017741006420936,0.8337543775528921,0.3324689004395444,20.803786089808288,15.198552803478393,0.916247028639951,0.8563012194852129,0.3984495790982478,23.683769505482726
nuscenes,Outdoor,all,DepthPro,9816,1000,8,9.671751320436533,0.4882282335358706,0.48054197229013856,0.5450441159934982,24.262055460944655,8.868553004918143,0.29995990221696955,0.45866708500529785,0.5126110398468466,22.918621120236985,10.655216062978539,0.7528620808063282,0.5023985455320542,0.5789996569116618,25.60460388962531
nuscenes,Outdoor,dist:near,DepthLM-12B,5033,996,1,2.9780631546382814,0.402224099737842,0.8772104112855156,0.320717626263024,12.12609479684899,2.432334013917026,0.1700924480598022,0.8637848472088568,0.272414081109574,10.72320066286866,3.5751448448633387,0.8182941539280555,0.8901937509463089,0.37905890886683075,13.668465415002958
nuscenes,Outdoor,dist:near,DAv2-metric-L,5033,996,0,5.7735820893395156,1.1730540618435097,0.047089211206040135,0.6174643188103748,11.731624880861622,5.468872142297313,0.814916168415681,0.038243874695660075,0.5859188832275851,10.537755288672153,6.106867198128727,1.7092757511646035,0.056901163258186976,0.6560254846854284,13.013535072059486
nuscenes,Outdoor,dist:near,UniDepthV2-L,5033,996,5,5.240873348854708,0.8696606603760418,0.914762567057421,0.33470724725259093,10.624019023389046,3.6641840119953857,0.228246593398399,0.9021850923155627,0.2802461750936026,9.190260563844431,6.865205567501516,1.9593468284436348,0.9273210934295574,0.39471516959309116,12.322242116875547
nuscenes,Outdoor,dist:near,Metric3Dv2-L,5033,996,20,9.587913826982351,0.7841675333067895,0.9157560103318101,0.32072960901963227,10.257728054041651,6.9350058672114825,0.23949784950020606,0.9029055978222449,0.25914688139465164,8.81680070655548,11.825724650226089,1.5430441200175906,0.9288395216011079,0.38554755015634357,11.768943148365752
nuscenes,Outdoor,dist:near,DepthPro,5033,996,1,3.0276728078921957,0.6538355353916937,0.5640770911980926,0.4766363940775328,11.359934038122244,2.446597043259914,0.2989857438291256,0.5356895825453816,0.4296384104981995,10.101293940227299,3.729364465412321,1.144319303205185,0.5941263885039939,0.5270055634100433,12.817482066647932
nuscenes,Outdoor,dist:mid,DepthLM-12B,3614,944,0,4.8201727446868565,0.13680653551373992,0.8101826231322634,0.27364359914578124,13.492756431374138,4.396855375694344,0.12729957647640186,0.7921501257466717,0.253497803557467,12.432984372747324,5.236822646593775,0.14656960692767393,0.8275039058777862,0.29255753448237354,14.532101091727
nuscenes,Outdoor,dist:mid,DAv2-metric-L,3614,944,0,10.297370710594953,0.5029173526474273,0.2468179302711677,0.4762223258845991,15.451937405299319,9.839278696776656,0.4821824692781129,0.22523000423561582,0.4604405083213409,14.49021773659972,10.734511761813009,0.5240074740058656,0.2701970585621612,0.49164376531385956,16.416574396619417
nuscenes,Outdoor,dist:mid,UniDepthV2-L,3614,944,8,7.781719734699347,0.15576904214624923,0.853071389042612,0.27528696597489616,13.62627715611455,5.4358670772514825,0.14109622461063376,0.8379956116207532,0.2546404803225612,12.449631406914467,10.117454870097854,0.17123816455843974,0.8673910020521738,0.2956977136166049,14.821055552544705
nuscenes,Outdoor,dist:mid,Metric3Dv2-L,3614,944,38,14.160910132221902,0.21263043663312037,0.8165467625899281,0.3404843777492795,16.125654658349205,11.671148951122078,0.18736328143566144,0.7983530121422567,0.3175649201858963,14.857439349974168,16.851390166223833,0.2449919769522477,0.8336107701995826,0.36494828494055276,17.3854004483986
nuscenes,Outdoor,dist:mid,DepthPro,3614,944,4,8.490123609261975,0.2792443000455331,0.4587714443829552,0.5042408679302187,15.570389917020735,6.492316564729589,0.2633048834234681,0.4304666511903902,0.47440057376610645,14.514165288023325,11.690178024101685,0.2974030452466962,0.4839169830255789,0.5358498048570054,16.66837049855793
nuscenes,Outdoor,dist:far,DepthLM-12B,1169,566,4,15.783258567538233,0.22074053337616528,0.6330196749358425,0.5809840296033187,22.752179895137385,14.671256682538832,0.2047111874574353,0.6003359173126614,0.5225496329507168,20.043359381288457,16.954132880251514,0.23721662381318434,0.6646318978032006,0.6453647597123618,25.779665657869483
nuscenes,Outdoor,dist:far,DAv2-metric-L,1169,566,0,16.795943182520762,0.29258922289678796,0.46535500427716,0.5112222936399429,17.999967634344603,15.844067654532873,0.27628196676562866,0.4306742226097065,0.4626040681691058,16.188947880760136,17.84995566680381,0.31059857180080647,0.49956868587489145,0.5621663261422625,19.903528332149804
nuscenes,Outdoor,dist:far,UniDepthV2-L,1169,566,25,19.457532477383257,0.2018351643086354,0.7382378100940975,0.4481118067195447,18.016336358707434,14.461708822737931,0.17934570794911442,0.7080314506420546,0.39385354434334563,15.494095989442885,24.29410608978306,0.22731144483735652,0.7663089631056876,0.5110369086764762,20.702449498496883
nuscenes,Outdoor,dist:far,Metric3Dv2-L,1169,566,46,23.56553866360004,0.2862005174893357,0.6313088109495295,0.5692929963256876,23.098859701818302,20.59116915524251,0.25762542465726246,0.5959316021001845,0.5146393116168064,20.174462692082066,26.327822358671334,0.3179465822893212,0.6641610229046562,0.630198674194451,26.143686802476633
nuscenes,Outdoor,dist:far,DepthPro,1169,566,3,22.87269565125235,0.4213046966613819,0.1881950384944397,0.854600425425669,19.17173711542592,21.729850502754328,0.4022286533461347,0.1569464342060203,0.7901545453425326,16.806411564034043,24.149435856026987,0.44148636961667487,0.21649507404934185,0.9220898492692642,21.611345125599595
diode_outdoor,Outdoor,all,DepthLM-12B,9756,446,4,10.443537593824987,0.5176853324654942,0.25543255432554324,0.7251446619969169,43.46017614507137,9.823306140337895,0.485668570056974,0.23280600982317526,0.6894399911603754,40.94456227921465,11.0287141963778,0.5524541820129519,0.2785124231280827,0.7594544808428944,45.936362094890725
diode_outdoor,Outdoor,all,DAv2-metric-L,9756,446,0,8.18571441788126,0.7421044141883755,0.33640836408364083,0.5970471569074557,35.310661844583585,7.782389749497174,0.6724352437847616,0.3095608187843738,0.5677388413101627,33.19440043246867,8.586023627101369,0.8160183194450755,0.3622566882860864,0.6265654252875984,37.335324965771356
diode_outdoor,Outdoor,all,UniDepthV2-L,9756,446,240,21.82193560993089,1.2455587249189788,0.44198441984419845,0.7299225040592022,32.89657241420014,19.659450519092044,1.044732623427089,0.4069490959135821,0.6822829453084897,30.58685153679877,23.8752683955824,1.4743893104306094,0.4768743117623119,0.7763367088260096,35.1098827997706
diode_outdoor,Outdoor,all,Metric3Dv2-L,9756,446,5,4.122018276739491,0.2054265199449949,0.8488109881098811,0.2990732444374517,22.067681266778056,3.7376042653791566,0.17826099515764957,0.8356035209365917,0.2756839373625206,20.53751501744328,4.491689389402262,0.23783723166832135,0.8616641873072142,0.32292530516872525,23.721985768375713
diode_outdoor,Outdoor,all,DepthPro,9756,446,10,13.663156322982278,0.5827332597027822,0.20448954489544896,0.6843634471796446,32.6795381291592,9.888118548012013,0.48340930668558596,0.18098462795088444,0.6524452561949651,30.569111370287562,18.08753484895912,0.7182342410869971,0.22797292934496827,0.7155553486533534,34.762289457602336
diode_outdoor,Outdoor,dist:near,DepthLM-12B,4224,398,1,4.540753095019959,0.651551104239337,0.3780776515151515,0.6100016769503326,38.04296980617215,4.065102569200195,0.5774069350620279,0.34071897315081384,0.5731099017663979,35.2988252897327,5.0725482713115415,0.7337551510978624,0.41399978095647555,0.6472290629513457,40.696663992399344
diode_outdoor,Outdoor,dist:near,DAv2-metric-L,4224,398,0,7.48236820611371,1.3211810491746772,0.18039772727272727,0.804314811576569,33.20286343215932,7.045704980302262,1.163590563345627,0.1515638102464868,0.7562578435370726,30.650790248777827,7.973753440842337,1.4843445006772624,0.2093792993717305,0.8517936007304255,35.773567075155526
diode_outdoor,Outdoor,dist:near,UniDepthV2-L,4224,398,63,19.00428352676489,1.8931217296501754,0.5449810606060606,0.8591961504963516,32.38856336724712,15.724938674333876,1.4404328246140976,0.4996407045724141,0.7756925042424663,29.425678614685218,22.32649610968651,2.4238935265513963,0.5871083532750849,0.94064332271705,35.2849200086769
diode_outdoor,Outdoor,dist:near,Metric3Dv2-L,4224,398,0,3.110490068722883,0.34719507741482447,0.8011363636363636,0.39576140716840313,26.128320631587012,2.6822291963481417,0.2808142116620544,0.7779908230251368,0.3545988776503572,23.589891373714135,3.492833152294519,0.4317506188738342,0.822294139993242,0.43867493181217276,28.67211887672742
diode_outdoor,Outdoor,dist:near,DepthPro,4224,398,3,14.173750206023625,0.7711206520701717,0.2784090909090909,0.611470105718752,33.35227353377999,3.8353112255507384,0.5425416924610157,0.24269517102289492,0.5751528712226258,30.275639051209424,22.822110948623447,1.0859016415628098,0.31294092794046635,0.6487733595499987,36.1992235330141
diode_outdoor,Outdoor,dist:mid,DepthLM-12B,4552,423,0,8.685577110647845,0.38642410314197995,0.18519332161687171,0.6918701813869955,25.714540787057295,8.284621370008155,0.37119062930553764,0.16379854992485413,0.6475959812676925,23.861192050496168,9.073838282300848,0.401466793491934,0.20755222962032846,0.7370503150609169,27.79810474904734
diode_outdoor,Outdoor,dist:mid,DAv2-metric-L,4552,423,0,6.866181668126812,0.30381222430685056,0.48088752196836554,0.3543314549060156,18.001590729587058,6.458115980354673,0.2834346170815793,0.4471064766012783,0.33661691567968843,17.03988256713991,7.322598094835368,0.32408659802242096,0.5141363131026504,0.37270424992836626,18.986392313732527
diode_outdoor,Outdoor,dist:mid,UniDepthV2-L,4552,423,80,23.124151982996107,0.81461663629111,0.3523725834797891,0.6419571181252602,16.50558540729488,20.959376236655086,0.730862040349595,0.30970709149032793,0.6003145705378363,15.137891671392918,25.189600809703506,0.9075729512806249,0.399816716764102,0.6833477519899315,17.84948454314513
diode_outdoor,Outdoor,dist:mid,Metric3Dv2-L,4552,423,1,3.874836938458375,0.09624451022446648,0.8862038664323374,0.18682840428782665,13.874950298750656,3.32804263074281,0.08732711540589885,0.8718973491880395,0.17038767072269986,12.727919274416495,4.497609666155924,0.10691379597916598,0.8998368883312421,0.2043742888291955,15.18508079104115
diode_outdoor,Outdoor,dist:mid,DepthPro,4552,423,4,9.860066792421161,0.4291097542540364,0.15421792618629174,0.6921686486327229,18.08462909343724,9.053516339611457,0.4101976418929061,0.13097184128626707,0.6501417155575065,16.743521202175586,10.74841122093933,0.44840547236057604,0.18121032480661853,0.7340050443243318,19.45053573598835
diode_outdoor,Outdoor,dist:far,DepthLM-12B,980,222,3,25.426375516174105,0.5503915527797016,0.053061224489795916,1.1863655390035486,35.95252337496959,23.966608294659572,0.5249245593030336,0.0361405850675429,1.0916801560637721,31.11632120409558,26.952497775501325,0.5758580283691909,0.0731479629163904,1.2855849596051256,41.17154352294882
diode_outdoor,Outdoor,dist:far,DAv2-metric-L,980,222,0,14.37912526146595,0.28198843679915264,0.3377551020408163,0.4208452707816952,12.733695090667688,13.138158880691089,0.2610234106167055,0.28382575757575756,0.38682612350972506,11.18957129428111,15.604638438405997,0.30175266213226154,0.39505104801269475,0.455293908782536,14.437697120407137
diode_outdoor,Outdoor,dist:far,UniDepthV2-L,980,222,97,26.460414604767088,0.4561120468062115,0.4142857142857143,0.45593119057764475,11.603186053246771,22.666202916256324,0.39483346524485363,0.34016026867810717,0.4096685062811594,9.57200883533642,30.43379040679093,0.5196170711233123,0.4832191192317652,0.5024837141881022,13.761367191347913
diode_outdoor,Outdoor,dist:far,Metric3Dv2-L,980,222,4,7.5964099008523736,0.10151439902181669,0.8806122448979592,0.23066850382759932,12.794697416484286,6.6019725058618635,0.09058768752774658,0.8562364462067527,0.18994044467317708,10.648510026997782,8.672941903782302,0.11461116753900707,0.9044653711724032,0.27485969130731003,15.444768077402212
diode_outdoor,Outdoor,dist:far,DepthPro,980,222,3,23.25846608620671,0.48431065913424853,0.11938775510204082,0.9086141794481181,14.68202640940936,21.030749609919262,0.4506379281435803,0.07758796688257247,0.8179891890183264,12.261187499737767,25.604049761491495,0.5216512758183757,0.16453357740378652,1.0079812760749787,17.400292994914704
